id,family,tradition,archetype,tier,coverage,candidateScore,candidateSource,candidateName,candidateAction,validationState
CAN-001,Foundations / Concepts,Core time feels,Straight 8ths,A,NAMED_MATCH,0.849,Battrochtek Library v2,Straight 8ths,MOVE_FOUNDATIONS_REBUILD,NEEDS_MUSICOLOGICAL_VALIDATION
CAN-002,Foundations / Concepts,Core time feels,Straight 16ths,A,NAMED_MATCH,0.849,Battrochtek Library v2,Straight 16ths,MOVE_FOUNDATIONS_REBUILD,NEEDS_MUSICOLOGICAL_VALIDATION
CAN-003,Foundations / Concepts,Core time feels,8th-note Shuffle,A,RELATED_CANDIDATE,0.533,Battrochtek Library v2,Texas Shuffle,REBUILD_DISTINCT_ARCHETYPE,NEEDS_MUSICOLOGICAL_VALIDATION
CAN-004,Foundations / Concepts,Core time feels,16th-note Shuffle,A,MISSING_OR_WEAK,0.517,Battrochtek Library v2,Texas Shuffle,REBUILD_DISTINCT_ARCHETYPE,NEEDS_MUSICOLOGICAL_VALIDATION
CAN-005,Foundations / Concepts,Core time feels,Half-Time,A,NAMED_MATCH,0.870,Battrochtek Library v2,Half-Time,MOVE_FOUNDATIONS_REBUILD,NEEDS_MUSICOLOGICAL_VALIDATION
CAN-006,Foundations / Concepts,Core time feels,Double-Time,A,NAMED_MATCH,0.870,Battrochtek Library v2,Double-Time,MOVE_FOUNDATIONS_REBUILD,NEEDS_MUSICOLOGICAL_VALIDATION
CAN-007,Foundations / Concepts,Core time feels,Four-on-the-Floor,A,NAMED_MATCH,0.887,Battrochtek Library v2,Four-on-the-floor,MOVE_FOUNDATIONS_REBUILD,NEEDS_MUSICOLOGICAL_VALIDATION
CAN-008,Foundations / Concepts,Core time feels,Linear Groove,A,RELATED_CANDIDATE,0.548,Battrochtek Library v2,Linear,MOVE_FOUNDATIONS_REBUILD,NEEDS_MUSICOLOGICAL_VALIDATION
CAN-009,Foundations / Concepts,Core time feels,Ghost-Note Pocket,A,NAMED_MATCH,0.870,Battrochtek Library v2,Ghost Note Pocket,MOVE_FOUNDATIONS_REBUILD,NEEDS_MUSICOLOGICAL_VALIDATION
CAN-010,Foundations / Concepts,Core time feels,Displaced Backbeat,A,NAMED_MATCH,0.849,Battrochtek Library v2,Displaced Backbeat,MOVE_FOUNDATIONS_REBUILD,NEEDS_MUSICOLOGICAL_VALIDATION
CAN-011,Foundations / Concepts,Core time feels,12/8 Ballad,A,MISSING_OR_WEAK,0.451,Battrochtek Library v2,Slow 12/8 Blues,REBUILD_DISTINCT_ARCHETYPE,NEEDS_MUSICOLOGICAL_VALIDATION
CAN-012,Foundations / Concepts,Core time feels,6/8 Compound Groove,A,MISSING_OR_WEAK,0.414,Battrochtek Library v2,7/8 Foundation,MOVE_FOUNDATIONS_REBUILD,NEEDS_MUSICOLOGICAL_VALIDATION
CAN-013,Foundations / Concepts,Core time feels,3/4 Groove,A,MISSING_OR_WEAK,0.509,Battrochtek Library v2,3-over-4,MOVE_FOUNDATIONS_REBUILD,NEEDS_MUSICOLOGICAL_VALIDATION
CAN-014,Foundations / Concepts,Core time feels,5/4 Foundation,A,NAMED_MATCH,0.870,Battrochtek Library v2,5/4 Foundation,MOVE_FOUNDATIONS_REBUILD,NEEDS_MUSICOLOGICAL_VALIDATION
CAN-015,Foundations / Concepts,Core time feels,7/8 Foundation,A,NAMED_MATCH,0.870,Battrochtek Library v2,7/8 Foundation,MOVE_FOUNDATIONS_REBUILD,NEEDS_MUSICOLOGICAL_VALIDATION
CAN-016,Foundations / Concepts,Core time feels,9/8 Foundation,A,NAMED_MATCH,0.870,Battrochtek Library v2,9/8 Foundation,MOVE_FOUNDATIONS_REBUILD,NEEDS_MUSICOLOGICAL_VALIDATION
CAN-017,Rock / Pop,Foundational rock,Early Rock & Roll / Lindy Beat,A,MISSING_OR_WEAK,0.515,Groove MIDI Dataset,3 rock rockabilly 200 beat 4 4,SOURCE_POOL_HUMAN_PERFORMANCE,NEEDS_MUSICOLOGICAL_VALIDATION
CAN-018,Rock / Pop,Foundational rock,Classic Rock 8ths,A,MISSING_OR_WEAK,0.413,Groove MIDI Dataset,1 rock 86 beat 4 4,SOURCE_POOL_HUMAN_PERFORMANCE,NEEDS_MUSICOLOGICAL_VALIDATION
CAN-019,Rock / Pop,Foundational rock,Classic Rock 16ths,A,MISSING_OR_WEAK,0.483,Battrochtek Library v2,Broken 16ths,MOVE_FOUNDATIONS_REBUILD,NEEDS_MUSICOLOGICAL_VALIDATION
CAN-020,Rock / Pop,Foundational rock,Rock Shuffle,A,RELATED_CANDIDATE,0.577,Groove MIDI Dataset,1 rock shuffle 85 beat 4 4,SOURCE_POOL_HUMAN_PERFORMANCE,NEEDS_MUSICOLOGICAL_VALIDATION
CAN-021,Rock / Pop,Foundational rock,Half-Time Rock,A,RELATED_CANDIDATE,0.668,Battrochtek Library v2,Half-Time,MOVE_FOUNDATIONS_REBUILD,NEEDS_MUSICOLOGICAL_VALIDATION
CAN-022,Rock / Pop,Foundational rock,Hard Rock,A,MISSING_OR_WEAK,0.470,Battrochtek Library v2,Country Rock,REBUILD_DISTINCT_ARCHETYPE,NEEDS_MUSICOLOGICAL_VALIDATION
CAN-023,Rock / Pop,Foundational rock,Arena Rock,A,MISSING_OR_WEAK,0.452,Battrochtek Library v2,Country Rock,REBUILD_DISTINCT_ARCHETYPE,NEEDS_MUSICOLOGICAL_VALIDATION
CAN-024,Rock / Pop,Foundational rock,Power Ballad,A,MISSING_OR_WEAK,0.400,Drum Machine Patterns,Ballad1Break,SOURCE_POOL_MACHINE_VERIFY_PROVENANCE,NEEDS_MUSICOLOGICAL_VALIDATION
CAN-025,Rock / Pop,Foundational rock,Pop Rock,A,MISSING_OR_WEAK,0.506,Drum Machine Patterns,Rock1,SOURCE_POOL_MACHINE_VERIFY_PROVENANCE,NEEDS_MUSICOLOGICAL_VALIDATION
CAN-026,Rock / Pop,Foundational rock,Indie Rock,A,MISSING_OR_WEAK,0.452,Battrochtek Library v2,Country Rock,REBUILD_DISTINCT_ARCHETYPE,NEEDS_MUSICOLOGICAL_VALIDATION
CAN-027,Rock / Pop,Foundational rock,Alternative / Grunge,A,MISSING_OR_WEAK,0.370,Battrochtek Library v2,Plena Drum-Set,REBUILD_DISTINCT_ARCHETYPE,NEEDS_MUSICOLOGICAL_VALIDATION
CAN-028,Rock / Pop,Foundational rock,Punk Rock,A,RELATED_CANDIDATE,0.537,Battrochtek Library v2,Country Rock,REBUILD_DISTINCT_ARCHETYPE,NEEDS_MUSICOLOGICAL_VALIDATION
CAN-029,Rock / Pop,Foundational rock,Pop-Punk,A,MISSING_OR_WEAK,0.410,Drum Machine Patterns,Pop1,SOURCE_POOL_MACHINE_VERIFY_PROVENANCE,NEEDS_MUSICOLOGICAL_VALIDATION
CAN-030,Rock / Pop,Foundational rock,Post-Punk / New Wave,A,MISSING_OR_WEAK,0.517,Battrochtek Library v2,New Wave,REBUILD_DISTINCT_ARCHETYPE,NEEDS_MUSICOLOGICAL_VALIDATION
CAN-031,Rock / Pop,Foundational rock,Surf Rock,A,RELATED_CANDIDATE,0.537,Battrochtek Library v2,Country Rock,REBUILD_DISTINCT_ARCHETYPE,NEEDS_MUSICOLOGICAL_VALIDATION
CAN-032,Rock / Pop,Foundational rock,Glam Rock,A,MISSING_OR_WEAK,0.460,Drum Machine Patterns,Rock1,SOURCE_POOL_MACHINE_VERIFY_PROVENANCE,NEEDS_MUSICOLOGICAL_VALIDATION
CAN-033,Rock / Pop,Foundational rock,Progressive Rock,A,MISSING_OR_WEAK,0.393,Basic Grooves,Supermassive Black Hole – Muse,SOURCE_ONLY_AI_ADAPTATION_VALIDATE,NEEDS_MUSICOLOGICAL_VALIDATION
CAN-034,Rock / Pop,Foundational rock,Odd-Meter Rock,A,MISSING_OR_WEAK,0.494,Battrochtek Library v2,Country Rock,REBUILD_DISTINCT_ARCHETYPE,NEEDS_MUSICOLOGICAL_VALIDATION
CAN-035,Rock / Pop,Foundational rock,Metal Straight-8,A,RELATED_CANDIDATE,0.556,Battrochtek Library v2,ECM Straight 8ths,REBUILD_DISTINCT_ARCHETYPE,NEEDS_MUSICOLOGICAL_VALIDATION
CAN-036,Rock / Pop,Foundational rock,Metal Half-Time,A,RELATED_CANDIDATE,0.666,Battrochtek Library v2,Trap Half-Time,REBUILD_DISTINCT_ARCHETYPE,NEEDS_MUSICOLOGICAL_VALIDATION
CAN-037,Rock / Pop,Foundational rock,Thrash Metal,A,MISSING_OR_WEAK,0.402,Battrochtek Library v2,Train Beat,REBUILD_DISTINCT_ARCHETYPE,NEEDS_MUSICOLOGICAL_VALIDATION
CAN-038,Rock / Pop,Foundational rock,Double-Kick Metal,A,RELATED_CANDIDATE,0.557,Battrochtek Library v2,Double-Time,MOVE_FOUNDATIONS_REBUILD,NEEDS_MUSICOLOGICAL_VALIDATION
CAN-039,Rock / Pop,Foundational rock,Metalcore Half-Time,A,RELATED_CANDIDATE,0.596,Battrochtek Library v2,Trap Half-Time,REBUILD_DISTINCT_ARCHETYPE,NEEDS_MUSICOLOGICAL_VALIDATION
CAN-040,Rock / Pop,Foundational rock,Stoner / Heavy Shuffle,A,MISSING_OR_WEAK,0.497,Battrochtek Library v2,Country Shuffle,REBUILD_DISTINCT_ARCHETYPE,NEEDS_MUSICOLOGICAL_VALIDATION
CAN-041,Funk / Soul / R&B,African-American groove,James Brown Funk,A,MISSING_OR_WEAK,0.515,Battrochtek Library v2,Meters / New Orleans Funk,REBUILD_DISTINCT_ARCHETYPE,NEEDS_MUSICOLOGICAL_VALIDATION
CAN-042,Funk / Soul / R&B,African-American groove,New Orleans Funk / Second Line,A,RELATED_CANDIDATE,0.609,Battrochtek Library v2,Meters / New Orleans Funk,REBUILD_DISTINCT_ARCHETYPE,NEEDS_MUSICOLOGICAL_VALIDATION
CAN-043,Funk / Soul / R&B,African-American groove,Meters-style New Orleans Funk,A,NAMED_MATCH,0.830,Battrochtek Library v2,Meters / New Orleans Funk,REBUILD_DISTINCT_ARCHETYPE,NEEDS_MUSICOLOGICAL_VALIDATION
CAN-044,Funk / Soul / R&B,African-American groove,P-Funk,A,RELATED_CANDIDATE,0.629,Battrochtek Library v2,P-Funk Pocket,REBUILD_DISTINCT_ARCHETYPE,NEEDS_MUSICOLOGICAL_VALIDATION
CAN-045,Funk / Soul / R&B,African-American groove,Motown,A,RELATED_CANDIDATE,0.629,Battrochtek Library v2,Motown Pocket,REBUILD_DISTINCT_ARCHETYPE,NEEDS_MUSICOLOGICAL_VALIDATION
CAN-046,Funk / Soul / R&B,African-American groove,Stax / Southern Soul,A,NAMED_MATCH,0.920,Battrochtek Library v2,Stax / Southern Soul,REBUILD_DISTINCT_ARCHETYPE,NEEDS_MUSICOLOGICAL_VALIDATION
CAN-047,Funk / Soul / R&B,African-American groove,Philly Soul,A,NAMED_MATCH,0.907,Battrochtek Library v2,Philly Soul,REBUILD_DISTINCT_ARCHETYPE,NEEDS_MUSICOLOGICAL_VALIDATION
CAN-048,Funk / Soul / R&B,African-American groove,Boogaloo Funk,A,NAMED_MATCH,0.907,Battrochtek Library v2,Boogaloo Funk,REBUILD_DISTINCT_ARCHETYPE,NEEDS_MUSICOLOGICAL_VALIDATION
CAN-049,Funk / Soul / R&B,African-American groove,Go-Go,A,RELATED_CANDIDATE,0.598,Battrochtek Library v2,Go-Go Pocket,REBUILD_DISTINCT_ARCHETYPE,NEEDS_MUSICOLOGICAL_VALIDATION
CAN-050,Funk / Soul / R&B,African-American groove,Gospel Pocket,A,RELATED_CANDIDATE,0.674,Battrochtek Library v2,Go-Go Pocket,REBUILD_DISTINCT_ARCHETYPE,NEEDS_MUSICOLOGICAL_VALIDATION
CAN-051,Funk / Soul / R&B,African-American groove,Gospel Shout,A,NAMED_MATCH,0.920,Battrochtek Library v2,Gospel Shout,REBUILD_DISTINCT_ARCHETYPE,NEEDS_MUSICOLOGICAL_VALIDATION
CAN-052,Funk / Soul / R&B,African-American groove,Neo-Soul,A,RELATED_CANDIDATE,0.674,Battrochtek Library v2,Neo-Soul Pocket,REBUILD_DISTINCT_ARCHETYPE,NEEDS_MUSICOLOGICAL_VALIDATION
CAN-053,Funk / Soul / R&B,African-American groove,Modern R&B,A,NAMED_MATCH,0.907,Battrochtek Library v2,Modern R&B,REBUILD_DISTINCT_ARCHETYPE,NEEDS_MUSICOLOGICAL_VALIDATION
CAN-054,Funk / Soul / R&B,African-American groove,Linear Funk,A,NAMED_MATCH,0.907,Battrochtek Library v2,Linear Funk,REBUILD_DISTINCT_ARCHETYPE,NEEDS_MUSICOLOGICAL_VALIDATION
CAN-055,Funk / Soul / R&B,African-American groove,Ghost-Note Funk,A,NAMED_MATCH,0.920,Battrochtek Library v2,Ghost Note Funk,REBUILD_DISTINCT_ARCHETYPE,NEEDS_MUSICOLOGICAL_VALIDATION
CAN-056,Funk / Soul / R&B,African-American groove,Disco-Funk / Chic,A,MISSING_OR_WEAK,0.482,Basic Grooves,Le Freak – Chic,SOURCE_ONLY_AI_ADAPTATION_VALIDATE,NEEDS_MUSICOLOGICAL_VALIDATION
CAN-057,Blues / Shuffle,Blues,Chicago Shuffle,A,NAMED_MATCH,1.020,Battrochtek Library v2,Chicago Shuffle,REBUILD_DISTINCT_ARCHETYPE,NEEDS_MUSICOLOGICAL_VALIDATION
CAN-058,Blues / Shuffle,Blues,Texas Shuffle,A,NAMED_MATCH,1.020,Battrochtek Library v2,Texas Shuffle,REBUILD_DISTINCT_ARCHETYPE,NEEDS_MUSICOLOGICAL_VALIDATION
CAN-059,Blues / Shuffle,Blues,Slow 12/8 Blues,A,NAMED_MATCH,1.020,Battrochtek Library v2,Slow 12/8 Blues,REBUILD_DISTINCT_ARCHETYPE,NEEDS_MUSICOLOGICAL_VALIDATION
CAN-060,Blues / Shuffle,Blues,Straight Blues,A,RELATED_CANDIDATE,0.599,Battrochtek Library v2,Straight 8ths,MOVE_FOUNDATIONS_REBUILD,NEEDS_MUSICOLOGICAL_VALIDATION
CAN-061,Blues / Shuffle,Blues,Jump Blues,A,MISSING_OR_WEAK,0.512,Drum Machine Patterns,Blues1,SOURCE_POOL_MACHINE_VERIFY_PROVENANCE,NEEDS_MUSICOLOGICAL_VALIDATION
CAN-062,Blues / Shuffle,Blues,Train Shuffle,A,NAMED_MATCH,1.020,Battrochtek Library v2,Train Shuffle,REBUILD_DISTINCT_ARCHETYPE,NEEDS_MUSICOLOGICAL_VALIDATION
CAN-063,Blues / Shuffle,Blues,Half-Time Shuffle,A,NAMED_MATCH,1.020,Battrochtek Library v2,Half-Time Shuffle,REBUILD_VALIDATE,NEEDS_MUSICOLOGICAL_VALIDATION
CAN-064,Blues / Shuffle,Blues,Blues Rock Shuffle,A,RELATED_CANDIDATE,0.622,Battrochtek Library v2,Texas Shuffle,REBUILD_DISTINCT_ARCHETYPE,NEEDS_MUSICOLOGICAL_VALIDATION
CAN-065,Jazz,Swing & modern,Medium Swing,A,NAMED_MATCH,0.785,Battrochtek Library v2,Medium Swing Brushes,REBUILD_DISTINCT_ARCHETYPE,NEEDS_MUSICOLOGICAL_VALIDATION
CAN-066,Jazz,Swing & modern,Up-Tempo / Bebop Swing,A,RELATED_CANDIDATE,0.532,Battrochtek Library v2,Two-Feel Swing,REBUILD_DISTINCT_ARCHETYPE,NEEDS_MUSICOLOGICAL_VALIDATION
CAN-067,Jazz,Swing & modern,Two-Feel Swing,A,NAMED_MATCH,0.970,Battrochtek Library v2,Two-Feel Swing,REBUILD_DISTINCT_ARCHETYPE,NEEDS_MUSICOLOGICAL_VALIDATION
CAN-068,Jazz,Swing & modern,Jazz Ballad,A,MISSING_OR_WEAK,0.460,Drum Machine Patterns,JazzBreak1,SOURCE_POOL_MACHINE_VERIFY_PROVENANCE,NEEDS_MUSICOLOGICAL_VALIDATION
CAN-069,Jazz,Swing & modern,Brush Ballad,A,MISSING_OR_WEAK,0.400,Drum Machine Patterns,Ballad1Break,SOURCE_POOL_MACHINE_VERIFY_PROVENANCE,NEEDS_MUSICOLOGICAL_VALIDATION
CAN-070,Jazz,Swing & modern,Brush Swing,A,RELATED_CANDIDATE,0.657,Battrochtek Library v2,Broken Swing,REBUILD_DISTINCT_ARCHETYPE,NEEDS_MUSICOLOGICAL_VALIDATION
CAN-071,Jazz,Swing & modern,Jazz Waltz 3/4,A,RELATED_CANDIDATE,0.639,Groove MIDI Dataset,4 jazz 120 beat 3 4,SOURCE_POOL_HUMAN_PERFORMANCE,NEEDS_MUSICOLOGICAL_VALIDATION
CAN-072,Jazz,Swing & modern,Jazz Shuffle,A,RELATED_CANDIDATE,0.574,Battrochtek Library v2,Texas Shuffle,REBUILD_DISTINCT_ARCHETYPE,NEEDS_MUSICOLOGICAL_VALIDATION
CAN-073,Jazz,Swing & modern,Big Band Swing,A,RELATED_CANDIDATE,0.579,Battrochtek Library v2,Broken Swing,REBUILD_DISTINCT_ARCHETYPE,NEEDS_MUSICOLOGICAL_VALIDATION
CAN-074,Jazz,Swing & modern,Bebop Comping,A,MISSING_OR_WEAK,0.485,Battrochtek Library v2,Broken Swing,REBUILD_DISTINCT_ARCHETYPE,NEEDS_MUSICOLOGICAL_VALIDATION
CAN-075,Jazz,Swing & modern,Straight-8 / ECM,A,RELATED_CANDIDATE,0.622,Battrochtek Library v2,ECM Straight 8ths,REBUILD_DISTINCT_ARCHETYPE,NEEDS_MUSICOLOGICAL_VALIDATION
CAN-076,Jazz,Swing & modern,Jazz-Funk,A,RELATED_CANDIDATE,0.528,Groove MIDI Dataset,4 jazz funk 116 beat 4 4,SOURCE_POOL_HUMAN_PERFORMANCE,NEEDS_MUSICOLOGICAL_VALIDATION
CAN-077,Jazz,Swing & modern,Fusion,A,MISSING_OR_WEAK,0.429,Battrochtek Library v2,Two-Feel Swing,REBUILD_DISTINCT_ARCHETYPE,NEEDS_MUSICOLOGICAL_VALIDATION
CAN-078,Jazz,Swing & modern,Afro-Cuban Jazz 6/8,A,RELATED_CANDIDATE,0.535,Battrochtek Library v2,Afro 6/8,REBUILD_DISTINCT_ARCHETYPE,NEEDS_MUSICOLOGICAL_VALIDATION
CAN-079,Country / Americana,Country,Train Beat,A,NAMED_MATCH,1.020,Battrochtek Library v2,Train Beat,REBUILD_DISTINCT_ARCHETYPE,NEEDS_MUSICOLOGICAL_VALIDATION
CAN-080,Country / Americana,Country,Country Two-Step,A,NAMED_MATCH,0.787,Battrochtek Library v2,Two-Step,REBUILD_DISTINCT_ARCHETYPE,NEEDS_MUSICOLOGICAL_VALIDATION
CAN-081,Country / Americana,Country,Country Shuffle,A,NAMED_MATCH,1.020,Battrochtek Library v2,Country Shuffle,REBUILD_DISTINCT_ARCHETYPE,NEEDS_MUSICOLOGICAL_VALIDATION
CAN-082,Country / Americana,Country,Country Waltz,A,NAMED_MATCH,1.020,Battrochtek Library v2,Country Waltz,REBUILD_VALIDATE,NEEDS_MUSICOLOGICAL_VALIDATION
CAN-083,Country / Americana,Country,Western Swing,A,NAMED_MATCH,1.020,Battrochtek Library v2,Honky Tonk,REBUILD_DISTINCT_ARCHETYPE,NEEDS_MUSICOLOGICAL_VALIDATION
CAN-084,Country / Americana,Country,Country Pop / Nashville Straight 8ths,A,NAMED_MATCH,0.875,Battrochtek Library v2,Nashville Straight,REBUILD_DISTINCT_ARCHETYPE,NEEDS_MUSICOLOGICAL_VALIDATION
CAN-085,Country / Americana,Country,Country Rock,A,NAMED_MATCH,1.020,Battrochtek Library v2,Country Rock,REBUILD_DISTINCT_ARCHETYPE,NEEDS_MUSICOLOGICAL_VALIDATION
CAN-086,Country / Americana,Country,Country 6/8 Ballad,A,NAMED_MATCH,0.820,Battrochtek Library v2,Brushes Country,REBUILD_DISTINCT_ARCHETYPE,NEEDS_MUSICOLOGICAL_VALIDATION
CAN-087,Country / Americana,Country,Modern Bluegrass Drum-Set,A,NAMED_MATCH,0.856,Battrochtek Library v2,Bluegrass Drum-Set,REBUILD_DISTINCT_ARCHETYPE,NEEDS_MUSICOLOGICAL_VALIDATION
CAN-088,Country / Americana,Country,Rockabilly Shuffle,A,RELATED_CANDIDATE,0.669,Battrochtek Library v2,Country Shuffle,REBUILD_DISTINCT_ARCHETYPE,NEEDS_MUSICOLOGICAL_VALIDATION
CAN-089,Hip-Hop,Hip-Hop,Old-School Breakbeat,A,NAMED_MATCH,1.020,Battrochtek Library v2,Old School Breakbeat,REBUILD_DISTINCT_ARCHETYPE,NEEDS_MUSICOLOGICAL_VALIDATION
CAN-090,Hip-Hop,Hip-Hop,Boom Bap,A,NAMED_MATCH,0.747,Battrochtek Library v2,Boom Bap Pocket,REBUILD_DISTINCT_ARCHETYPE,NEEDS_MUSICOLOGICAL_VALIDATION
CAN-091,Hip-Hop,Hip-Hop,West Coast / G-Funk,A,MISSING_OR_WEAK,0.485,Battrochtek Library v2,Ghost Note Funk,REBUILD_DISTINCT_ARCHETYPE,NEEDS_MUSICOLOGICAL_VALIDATION
CAN-092,Hip-Hop,Hip-Hop,Dilla / Drunk Pocket,A,NAMED_MATCH,0.796,Battrochtek Library v2,Dilla Drunk Beat,REBUILD_DISTINCT_ARCHETYPE,NEEDS_MUSICOLOGICAL_VALIDATION
CAN-093,Hip-Hop,Hip-Hop,Lo-Fi Hip-Hop,A,RELATED_CANDIDATE,0.708,Battrochtek Library v2,Lo-Fi Pocket,REBUILD_DISTINCT_ARCHETYPE,NEEDS_MUSICOLOGICAL_VALIDATION
CAN-094,Hip-Hop,Hip-Hop,Trap Half-Time,A,NAMED_MATCH,1.020,Battrochtek Library v2,Trap Half-Time,REBUILD_DISTINCT_ARCHETYPE,NEEDS_MUSICOLOGICAL_VALIDATION
CAN-095,Hip-Hop,Hip-Hop,Trap Double-Time Hats,A,RELATED_CANDIDATE,0.631,Battrochtek Library v2,Trap Half-Time,REBUILD_DISTINCT_ARCHETYPE,NEEDS_MUSICOLOGICAL_VALIDATION
CAN-096,Hip-Hop,Hip-Hop,Drill,A,NAMED_MATCH,1.020,Battrochtek Library v2,Drill,REBUILD_DISTINCT_ARCHETYPE,NEEDS_MUSICOLOGICAL_VALIDATION
CAN-097,Hip-Hop,Hip-Hop,Jersey Club,A,MISSING_OR_WEAK,0.370,Battrochtek Library v2,Bolero Cubano,REBUILD_DISTINCT_ARCHETYPE,NEEDS_MUSICOLOGICAL_VALIDATION
CAN-098,Hip-Hop,Hip-Hop,Sample-Break Pocket,A,RELATED_CANDIDATE,0.602,Battrochtek Library v2,Boom Bap Pocket,REBUILD_DISTINCT_ARCHETYPE,NEEDS_MUSICOLOGICAL_VALIDATION
CAN-099,Jamaica,Jamaican lineage,Mento Drum-Set Adaptation,A,MISSING_OR_WEAK,0.475,Battrochtek Library v2,Plena Drum-Set,REBUILD_DISTINCT_ARCHETYPE,NEEDS_MUSICOLOGICAL_VALIDATION
CAN-100,Jamaica,Jamaican lineage,Ska,A,RELATED_CANDIDATE,0.660,Drum Machine Patterns,Ska1,SOURCE_POOL_MACHINE_VERIFY_PROVENANCE,NEEDS_MUSICOLOGICAL_VALIDATION
CAN-101,Jamaica,Jamaican lineage,Rocksteady,A,MISSING_OR_WEAK,0.420,Drum Machine Patterns,Rock1Break,SOURCE_POOL_MACHINE_VERIFY_PROVENANCE,NEEDS_MUSICOLOGICAL_VALIDATION
CAN-102,Jamaica,Jamaican lineage,Reggae One Drop,A,MISSING_OR_WEAK,0.517,Battrochtek Library v2,Reggaeton / Dembow,REBUILD_VALIDATE,NEEDS_MUSICOLOGICAL_VALIDATION
CAN-103,Jamaica,Jamaican lineage,Reggae Rockers,A,MISSING_OR_WEAK,0.481,Drum Machine Patterns,Reggae1Break,SOURCE_POOL_MACHINE_VERIFY_PROVENANCE,NEEDS_MUSICOLOGICAL_VALIDATION
CAN-104,Jamaica,Jamaican lineage,Reggae Steppers,A,MISSING_OR_WEAK,0.432,Drum Machine Patterns,Reggae1,SOURCE_POOL_MACHINE_VERIFY_PROVENANCE,NEEDS_MUSICOLOGICAL_VALIDATION
CAN-105,Jamaica,Jamaican lineage,Dub,A,MISSING_OR_WEAK,0.370,Battrochtek Library v2,Drum & Bass,REBUILD_DISTINCT_ARCHETYPE,NEEDS_MUSICOLOGICAL_VALIDATION
CAN-106,Jamaica,Jamaican lineage,Nyabinghi Drum-Set,A,NAMED_MATCH,0.833,Battrochtek Library v2,Nyabinghi Drum-Set,REBUILD_DISTINCT_ARCHETYPE,NEEDS_MUSICOLOGICAL_VALIDATION
CAN-107,Jamaica,Jamaican lineage,Early Dancehall,A,RELATED_CANDIDATE,0.599,Battrochtek Library v2,Modern Dancehall,REBUILD_DISTINCT_ARCHETYPE,NEEDS_MUSICOLOGICAL_VALIDATION
CAN-108,Jamaica,Jamaican lineage,Digital Dancehall / Ragga,A,RELATED_CANDIDATE,0.690,Battrochtek Library v2,Digital Dancehall,REBUILD_DISTINCT_ARCHETYPE,NEEDS_MUSICOLOGICAL_VALIDATION
CAN-109,Jamaica,Jamaican lineage,Modern Dancehall,A,NAMED_MATCH,0.806,Battrochtek Library v2,Modern Dancehall,REBUILD_DISTINCT_ARCHETYPE,NEEDS_MUSICOLOGICAL_VALIDATION
CAN-110,Electronic / Dance,Club music,Disco,B,RELATED_CANDIDATE,0.686,Drum Machine Patterns,Disco1,SOURCE_POOL_MACHINE_VERIFY_PROVENANCE,NEEDS_MUSICOLOGICAL_VALIDATION
CAN-111,Electronic / Dance,Club music,Classic House,B,MISSING_OR_WEAK,0.514,Battrochtek Library v2,Deep House,REBUILD_DISTINCT_ARCHETYPE,NEEDS_MUSICOLOGICAL_VALIDATION
CAN-112,Electronic / Dance,Club music,Deep House,B,NAMED_MATCH,0.920,Battrochtek Library v2,Deep House,REBUILD_DISTINCT_ARCHETYPE,NEEDS_MUSICOLOGICAL_VALIDATION
CAN-113,Electronic / Dance,Club music,Funky House,B,NAMED_MATCH,0.920,Battrochtek Library v2,Funky House,REBUILD_DISTINCT_ARCHETYPE,NEEDS_MUSICOLOGICAL_VALIDATION
CAN-114,Electronic / Dance,Club music,Techno,B,NAMED_MATCH,0.900,Battrochtek Library v2,Techno,REBUILD_DISTINCT_ARCHETYPE,NEEDS_MUSICOLOGICAL_VALIDATION
CAN-115,Electronic / Dance,Club music,Detroit Electro,B,RELATED_CANDIDATE,0.615,Battrochtek Library v2,Electro,REBUILD_DISTINCT_ARCHETYPE,NEEDS_MUSICOLOGICAL_VALIDATION
CAN-116,Electronic / Dance,Club music,Electro-Funk,B,NAMED_MATCH,0.920,Battrochtek Library v2,Electro-Funk,REBUILD_DISTINCT_ARCHETYPE,NEEDS_MUSICOLOGICAL_VALIDATION
CAN-117,Electronic / Dance,Club music,UK Garage / 2-Step,B,NAMED_MATCH,0.945,Battrochtek Library v2,UK Garage / 2-Step,REBUILD_DISTINCT_ARCHETYPE,NEEDS_MUSICOLOGICAL_VALIDATION
CAN-118,Electronic / Dance,Club music,Breakbeat / Big Beat,B,RELATED_CANDIDATE,0.579,Groove MIDI Dataset,80 dance breakbeat 170 beat 4 4,SOURCE_POOL_HUMAN_PERFORMANCE,NEEDS_MUSICOLOGICAL_VALIDATION
CAN-119,Electronic / Dance,Club music,Jungle,B,NAMED_MATCH,0.900,Battrochtek Library v2,Jungle,REBUILD_DISTINCT_ARCHETYPE,NEEDS_MUSICOLOGICAL_VALIDATION
CAN-120,Electronic / Dance,Club music,Drum & Bass,B,NAMED_MATCH,0.920,Battrochtek Library v2,Drum & Bass,REBUILD_DISTINCT_ARCHETYPE,NEEDS_MUSICOLOGICAL_VALIDATION
CAN-121,Electronic / Dance,Club music,Trip-Hop,B,NAMED_MATCH,0.920,Battrochtek Library v2,Trip-Hop,REBUILD_DISTINCT_ARCHETYPE,NEEDS_MUSICOLOGICAL_VALIDATION
CAN-122,Electronic / Dance,Club music,Trance,B,MISSING_OR_WEAK,0.458,Battrochtek Library v2,Train Beat,REBUILD_DISTINCT_ARCHETYPE,NEEDS_MUSICOLOGICAL_VALIDATION
CAN-123,Electronic / Dance,Club music,Dubstep Half-Time,B,RELATED_CANDIDATE,0.622,Battrochtek Library v2,Trap Half-Time,REBUILD_DISTINCT_ARCHETYPE,NEEDS_MUSICOLOGICAL_VALIDATION
CAN-124,Electronic / Dance,Club music,Footwork / Juke,B,MISSING_OR_WEAK,0.353,Battrochtek Library v2,Two-Step,REBUILD_DISTINCT_ARCHETYPE,NEEDS_MUSICOLOGICAL_VALIDATION
CAN-125,Electronic / Dance,Club music,Synthwave,B,NAMED_MATCH,0.900,Battrochtek Library v2,Synthwave,REBUILD_DISTINCT_ARCHETYPE,NEEDS_MUSICOLOGICAL_VALIDATION
CAN-126,Electronic / Dance,Club music,Amapiano,B,NAMED_MATCH,0.757,Battrochtek Library v2,Amapiano,REBUILD_DISTINCT_ARCHETYPE,NEEDS_MUSICOLOGICAL_VALIDATION
CAN-127,Electronic / Dance,Club music,Afro House,B,RELATED_CANDIDATE,0.615,Battrochtek Library v2,Funky House,REBUILD_DISTINCT_ARCHETYPE,NEEDS_MUSICOLOGICAL_VALIDATION
CAN-128,Latin America,Cuba,Son,A,RELATED_CANDIDATE,0.645,Battrochtek Library v2,Songo,REBUILD_DISTINCT_ARCHETYPE,NEEDS_MUSICOLOGICAL_VALIDATION
CAN-129,Latin America,Cuba,Son Montuno,A,NAMED_MATCH,0.920,Battrochtek Library v2,Son Montuno,REBUILD_DISTINCT_ARCHETYPE,NEEDS_MUSICOLOGICAL_VALIDATION
CAN-130,Latin America,Cuba,Mambo,A,NAMED_MATCH,0.900,Battrochtek Library v2,Mambo,REBUILD_DISTINCT_ARCHETYPE,NEEDS_MUSICOLOGICAL_VALIDATION
CAN-131,Latin America,Cuba,Cha-Cha-Cha,A,NAMED_MATCH,0.900,Battrochtek Library v2,Cha-cha-cha,REBUILD_DISTINCT_ARCHETYPE,NEEDS_MUSICOLOGICAL_VALIDATION
CAN-132,Latin America,Cuba,Bolero Cubano,A,NAMED_MATCH,0.920,Battrochtek Library v2,Bolero Cubano,REBUILD_DISTINCT_ARCHETYPE,NEEDS_MUSICOLOGICAL_VALIDATION
CAN-133,Latin America,Cuba,Songo,A,NAMED_MATCH,0.900,Battrochtek Library v2,Songo,REBUILD_DISTINCT_ARCHETYPE,NEEDS_MUSICOLOGICAL_VALIDATION
CAN-134,Latin America,Cuba,Timba,A,NAMED_MATCH,0.900,Battrochtek Library v2,Timba,REBUILD_DISTINCT_ARCHETYPE,NEEDS_MUSICOLOGICAL_VALIDATION
CAN-135,Latin America,Cuba,Mozambique,A,NAMED_MATCH,0.900,Battrochtek Library v2,Mozambique,REBUILD_DISTINCT_ARCHETYPE,NEEDS_MUSICOLOGICAL_VALIDATION
CAN-136,Latin America,Cuba,Guaguancó Drum-Set,A,NAMED_MATCH,0.934,Battrochtek Library v2,Guaguanco Drum-Set,REBUILD_DISTINCT_ARCHETYPE,NEEDS_MUSICOLOGICAL_VALIDATION
CAN-137,Latin America,Cuba,Afro-Cuban 6/8 / Bembé,A,RELATED_CANDIDATE,0.542,Groove MIDI Dataset,18 afrocuban 128 beat 4 4,SOURCE_POOL_HUMAN_PERFORMANCE,NEEDS_MUSICOLOGICAL_VALIDATION
CAN-138,Latin America,Cuba,Salsa 2-3,A,NAMED_MATCH,0.970,Battrochtek Library v2,Salsa 2-3,REBUILD_DISTINCT_ARCHETYPE,NEEDS_MUSICOLOGICAL_VALIDATION
CAN-139,Latin America,Cuba,Salsa 3-2,A,NAMED_MATCH,0.970,Battrochtek Library v2,Salsa 3-2,REBUILD_DISTINCT_ARCHETYPE,NEEDS_MUSICOLOGICAL_VALIDATION
CAN-140,Latin America,Brazil,Bossa Nova,A,NAMED_MATCH,0.960,Battrochtek Library v2,Bossa Nova,REBUILD_DISTINCT_ARCHETYPE,NEEDS_MUSICOLOGICAL_VALIDATION
CAN-141,Latin America,Brazil,Samba Batucada,A,RELATED_CANDIDATE,0.568,Battrochtek Library v2,Samba,REBUILD_DISTINCT_ARCHETYPE,NEEDS_MUSICOLOGICAL_VALIDATION
CAN-142,Latin America,Brazil,Samba Partido Alto,A,NAMED_MATCH,0.970,Battrochtek Library v2,Samba Partido Alto,REBUILD_DISTINCT_ARCHETYPE,NEEDS_MUSICOLOGICAL_VALIDATION
CAN-143,Latin America,Brazil,Samba-Reggae,A,NAMED_MATCH,0.960,Battrochtek Library v2,Samba-Reggae,REBUILD_DISTINCT_ARCHETYPE,NEEDS_MUSICOLOGICAL_VALIDATION
CAN-144,Latin America,Brazil,Baião,A,NAMED_MATCH,0.945,Battrochtek Library v2,Baiao,REBUILD_DISTINCT_ARCHETYPE,NEEDS_MUSICOLOGICAL_VALIDATION
CAN-145,Latin America,Brazil,Maracatu,A,NAMED_MATCH,0.945,Battrochtek Library v2,Maracatu,REBUILD_DISTINCT_ARCHETYPE,NEEDS_MUSICOLOGICAL_VALIDATION
CAN-146,Latin America,Brazil,Frevo,A,NAMED_MATCH,0.945,Battrochtek Library v2,Frevo,REBUILD_DISTINCT_ARCHETYPE,NEEDS_MUSICOLOGICAL_VALIDATION
CAN-147,Latin America,Brazil,Ijexá / Afoxê,A,MISSING_OR_WEAK,0.382,Battrochtek Library v2,Baiao,REBUILD_DISTINCT_ARCHETYPE,NEEDS_MUSICOLOGICAL_VALIDATION
CAN-148,Latin America,Brazil,Samba-Funk,A,RELATED_CANDIDATE,0.667,Battrochtek Library v2,Samba,REBUILD_DISTINCT_ARCHETYPE,NEEDS_MUSICOLOGICAL_VALIDATION
CAN-149,Latin America,Brazil,Samba-Jazz,A,RELATED_CANDIDATE,0.667,Battrochtek Library v2,Samba,REBUILD_DISTINCT_ARCHETYPE,NEEDS_MUSICOLOGICAL_VALIDATION
CAN-150,Latin America,Brazil,Choro / Maxixe Drum-Set Adaptation,A,MISSING_OR_WEAK,0.475,Battrochtek Library v2,Bomba Drum-Set,REBUILD_DISTINCT_ARCHETYPE,NEEDS_MUSICOLOGICAL_VALIDATION
CAN-151,Latin America,Colombia & Venezuela,Traditional Colombian Cumbia,A,MISSING_OR_WEAK,0.476,Battrochtek Library v2,Cumbia Traditional Drum-Set,MERGE_TO_CUMBIA_TRADITIONAL_REBUILD,NEEDS_MUSICOLOGICAL_VALIDATION
CAN-152,Latin America,Colombia & Venezuela,Porro / Porro Chocoano,A,MISSING_OR_WEAK,0.389,Battrochtek Library v2,Bolero Cubano,REBUILD_DISTINCT_ARCHETYPE,NEEDS_MUSICOLOGICAL_VALIDATION
CAN-153,Latin America,Colombia & Venezuela,Chandé,A,MISSING_OR_WEAK,0.396,Battrochtek Library v2,Cumbia Sonidera,REVIEW_CUMBIA_VARIANT_REBUILD_OR_TAG,NEEDS_MUSICOLOGICAL_VALIDATION
CAN-154,Latin America,Colombia & Venezuela,Currulao Drum-Set Adaptation,A,MISSING_OR_WEAK,0.477,Battrochtek Library v2,Plena Drum-Set,REBUILD_DISTINCT_ARCHETYPE,NEEDS_MUSICOLOGICAL_VALIDATION
CAN-155,Latin America,Colombia & Venezuela,Joropo,A,MISSING_OR_WEAK,0.348,Battrochtek Library v2,Bolero Cubano,REBUILD_DISTINCT_ARCHETYPE,NEEDS_MUSICOLOGICAL_VALIDATION
CAN-156,Latin America,Colombia & Venezuela,Merengue Venezolano,A,RELATED_CANDIDATE,0.521,Battrochtek Library v2,Merengue,REBUILD_DISTINCT_ARCHETYPE,NEEDS_MUSICOLOGICAL_VALIDATION
CAN-157,Latin America,Peru / Argentina / Uruguay,Festejo,B,MISSING_OR_WEAK,0.407,Battrochtek Library v2,Frevo,REBUILD_DISTINCT_ARCHETYPE,NEEDS_MUSICOLOGICAL_VALIDATION
CAN-158,Latin America,Peru / Argentina / Uruguay,Landó,B,MISSING_OR_WEAK,0.382,Drum Machine Patterns,Tango1,SOURCE_POOL_MACHINE_VERIFY_PROVENANCE,NEEDS_MUSICOLOGICAL_VALIDATION
CAN-159,Latin America,Peru / Argentina / Uruguay,Chacarera,B,RELATED_CANDIDATE,0.533,Drum Machine Patterns,Cha ChaBreak,SOURCE_POOL_MACHINE_VERIFY_PROVENANCE,NEEDS_MUSICOLOGICAL_VALIDATION
CAN-160,Latin America,Peru / Argentina / Uruguay,Zamba Argentina,B,MISSING_OR_WEAK,0.474,Battrochtek Library v2,Samba Partido Alto,REBUILD_DISTINCT_ARCHETYPE,NEEDS_MUSICOLOGICAL_VALIDATION
CAN-161,Latin America,Peru / Argentina / Uruguay,Candombe Uruguayo,B,MISSING_OR_WEAK,0.340,Battrochtek Library v2,Samba-Reggae,REBUILD_DISTINCT_ARCHETYPE,NEEDS_MUSICOLOGICAL_VALIDATION
CAN-162,Latin America,Peru / Argentina / Uruguay,Tango,B,RELATED_CANDIDATE,0.679,Drum Machine Patterns,Tango1,SOURCE_POOL_MACHINE_VERIFY_PROVENANCE,NEEDS_MUSICOLOGICAL_VALIDATION
CAN-163,Latin America,Peru / Argentina / Uruguay,Milonga,B,MISSING_OR_WEAK,0.407,Battrochtek Library v2,Cumbia Colombiana,MERGE_TO_CUMBIA_TRADITIONAL_REBUILD,NEEDS_MUSICOLOGICAL_VALIDATION
CAN-164,Caribbean,Dominican Republic / Puerto Rico,Merengue,A,NAMED_MATCH,0.806,Battrochtek Library v2,Merengue,REBUILD_DISTINCT_ARCHETYPE,NEEDS_MUSICOLOGICAL_VALIDATION
CAN-165,Caribbean,Dominican Republic / Puerto Rico,Bachata,A,NAMED_MATCH,0.806,Battrochtek Library v2,Bachata,REBUILD_DISTINCT_ARCHETYPE,NEEDS_MUSICOLOGICAL_VALIDATION
CAN-166,Caribbean,Dominican Republic / Puerto Rico,Bomba Drum-Set,A,NAMED_MATCH,0.853,Battrochtek Library v2,Bomba Drum-Set,REBUILD_DISTINCT_ARCHETYPE,NEEDS_MUSICOLOGICAL_VALIDATION
CAN-167,Caribbean,Dominican Republic / Puerto Rico,Plena Drum-Set,A,NAMED_MATCH,0.853,Battrochtek Library v2,Plena Drum-Set,REBUILD_DISTINCT_ARCHETYPE,NEEDS_MUSICOLOGICAL_VALIDATION
CAN-168,Caribbean,Trinidad & Lesser Antilles,Calypso,A,NAMED_MATCH,0.820,Battrochtek Library v2,Calypso,REBUILD_DISTINCT_ARCHETYPE,NEEDS_MUSICOLOGICAL_VALIDATION
CAN-169,Caribbean,Trinidad & Lesser Antilles,Soca,A,NAMED_MATCH,0.820,Battrochtek Library v2,Soca,REBUILD_DISTINCT_ARCHETYPE,NEEDS_MUSICOLOGICAL_VALIDATION
CAN-170,Caribbean,Trinidad & Lesser Antilles,Kompa,A,NAMED_MATCH,0.820,Battrochtek Library v2,Kompa,REBUILD_DISTINCT_ARCHETYPE,NEEDS_MUSICOLOGICAL_VALIDATION
CAN-171,Caribbean,Trinidad & Lesser Antilles,Zouk,A,NAMED_MATCH,0.820,Battrochtek Library v2,Zouk,REBUILD_DISTINCT_ARCHETYPE,NEEDS_MUSICOLOGICAL_VALIDATION
CAN-172,Caribbean,Trinidad & Lesser Antilles,Biguine / Beguine,A,RELATED_CANDIDATE,0.551,Battrochtek Library v2,Beguine,REBUILD_DISTINCT_ARCHETYPE,NEEDS_MUSICOLOGICAL_VALIDATION
CAN-173,Africa,West Africa,Afrobeat,A,NAMED_MATCH,0.945,Battrochtek Library v2,Afrobeat,REBUILD_DISTINCT_ARCHETYPE,NEEDS_MUSICOLOGICAL_VALIDATION
CAN-174,Africa,West Africa,Highlife,A,NAMED_MATCH,0.945,Battrochtek Library v2,Highlife,REBUILD_DISTINCT_ARCHETYPE,NEEDS_MUSICOLOGICAL_VALIDATION
CAN-175,Africa,West Africa,Kpanlogo Drum-Set,A,NAMED_MATCH,0.970,Battrochtek Library v2,Kpanlogo Drum-Set,REBUILD_DISTINCT_ARCHETYPE,NEEDS_MUSICOLOGICAL_VALIDATION
CAN-176,Africa,West Africa,Ewe 12/8 / Agbekor Adaptation,A,MISSING_OR_WEAK,0.391,Battrochtek Library v2,7/8 Foundation,MOVE_FOUNDATIONS_REBUILD,NEEDS_MUSICOLOGICAL_VALIDATION
CAN-177,Africa,West Africa,Fanga Drum-Set Adaptation,A,NAMED_MATCH,0.737,Battrochtek Library v2,Fanga Drum-Set,REBUILD_DISTINCT_ARCHETYPE,NEEDS_MUSICOLOGICAL_VALIDATION
CAN-178,Africa,West Africa,Mbalax,A,MISSING_OR_WEAK,0.457,Battrochtek Library v2,Mbalax Drum-Set,REBUILD_DISTINCT_ARCHETYPE,NEEDS_MUSICOLOGICAL_VALIDATION
CAN-179,Africa,West Africa,Jùjú / Yoruba-derived Drum-Set,A,RELATED_CANDIDATE,0.535,Battrochtek Library v2,Agbadza Drum-Set,REBUILD_DISTINCT_ARCHETYPE,NEEDS_MUSICOLOGICAL_VALIDATION
CAN-180,Africa,Central Africa,Soukous,B,NAMED_MATCH,0.840,Battrochtek Library v2,Soukous,REBUILD_DISTINCT_ARCHETYPE,NEEDS_MUSICOLOGICAL_VALIDATION
CAN-181,Africa,Central Africa,Makossa,B,NAMED_MATCH,0.840,Battrochtek Library v2,Makossa,REBUILD_DISTINCT_ARCHETYPE,NEEDS_MUSICOLOGICAL_VALIDATION
CAN-182,Africa,Central Africa,Bikutsi,B,MISSING_OR_WEAK,0.370,Battrochtek Library v2,Soukous,REBUILD_DISTINCT_ARCHETYPE,NEEDS_MUSICOLOGICAL_VALIDATION
CAN-183,Africa,Central Africa,Mangambe,B,MISSING_OR_WEAK,0.451,Battrochtek Library v2,Mambo,REBUILD_DISTINCT_ARCHETYPE,NEEDS_MUSICOLOGICAL_VALIDATION
CAN-184,Africa,Southern Africa,Mbaqanga,B,MISSING_OR_WEAK,0.393,Battrochtek Library v2,Bachata,REBUILD_DISTINCT_ARCHETYPE,NEEDS_MUSICOLOGICAL_VALIDATION
CAN-185,Africa,Southern Africa,South African House,B,NAMED_MATCH,0.849,Battrochtek Library v2,South African House,REBUILD_DISTINCT_ARCHETYPE,NEEDS_MUSICOLOGICAL_VALIDATION
CAN-186,Africa,Southern Africa,Amapiano,B,NAMED_MATCH,0.770,Battrochtek Library v2,Amapiano,REBUILD_DISTINCT_ARCHETYPE,NEEDS_MUSICOLOGICAL_VALIDATION
CAN-187,Africa,Indian Ocean,Sega,B,MISSING_OR_WEAK,0.478,Battrochtek Library v2,Sega Drum-Set,REBUILD_DISTINCT_ARCHETYPE,NEEDS_MUSICOLOGICAL_VALIDATION
CAN-188,Africa,Indian Ocean,Maloya,B,RELATED_CANDIDATE,0.549,Battrochtek Library v2,Maloya Drum-Set,REBUILD_DISTINCT_ARCHETYPE,NEEDS_MUSICOLOGICAL_VALIDATION
CAN-189,North Africa / Middle East,North Africa,Gnawa Drum-Set,B,NAMED_MATCH,0.982,Battrochtek Library v2,Gnawa Drum-Set,REBUILD_DISTINCT_ARCHETYPE,NEEDS_MUSICOLOGICAL_VALIDATION
CAN-190,North Africa / Middle East,North Africa,Maghreb Chaabi,B,NAMED_MATCH,0.977,Battrochtek Library v2,Maghreb Chaabi,REBUILD_DISTINCT_ARCHETYPE,NEEDS_MUSICOLOGICAL_VALIDATION
CAN-191,North Africa / Middle East,North Africa,Raï,B,NAMED_MATCH,0.970,Battrochtek Library v2,Rai,REBUILD_DISTINCT_ARCHETYPE,NEEDS_MUSICOLOGICAL_VALIDATION
CAN-192,North Africa / Middle East,Arabic rhythmic cycles,Maqsum,B,RELATED_CANDIDATE,0.556,Battrochtek Library v2,Maqsum Drum-Set,REBUILD_DISTINCT_ARCHETYPE,NEEDS_MUSICOLOGICAL_VALIDATION
CAN-193,North Africa / Middle East,Arabic rhythmic cycles,Saidi,B,RELATED_CANDIDATE,0.525,Battrochtek Library v2,Saidi Drum-Set,REBUILD_DISTINCT_ARCHETYPE,NEEDS_MUSICOLOGICAL_VALIDATION
CAN-194,North Africa / Middle East,Arabic rhythmic cycles,Malfuf,B,RELATED_CANDIDATE,0.556,Battrochtek Library v2,Malfuf Drum-Set,REBUILD_DISTINCT_ARCHETYPE,NEEDS_MUSICOLOGICAL_VALIDATION
CAN-195,North Africa / Middle East,Arabic rhythmic cycles,Ayoub,B,RELATED_CANDIDATE,0.525,Battrochtek Library v2,Ayoub Drum-Set,REBUILD_DISTINCT_ARCHETYPE,NEEDS_MUSICOLOGICAL_VALIDATION
CAN-196,North Africa / Middle East,Arabic rhythmic cycles,Baladi / Masmoudi Saghir,B,MISSING_OR_WEAK,0.378,Drum Machine Patterns,Ballad1MeasureA,SOURCE_POOL_MACHINE_VERIFY_PROVENANCE,NEEDS_MUSICOLOGICAL_VALIDATION
CAN-197,North Africa / Middle East,Arabic rhythmic cycles,Masmoudi Kabir,B,MISSING_OR_WEAK,0.420,Battrochtek Library v2,Maghreb Chaabi,REBUILD_DISTINCT_ARCHETYPE,NEEDS_MUSICOLOGICAL_VALIDATION
CAN-198,North Africa / Middle East,Arabic rhythmic cycles,Chiftetelli,B,MISSING_OR_WEAK,0.353,Battrochtek Library v2,Dilla Feel,REBUILD_DISTINCT_ARCHETYPE,NEEDS_MUSICOLOGICAL_VALIDATION
CAN-199,Balkans / Eastern Europe,Aksak & regional,Balkan 7/8,B,NAMED_MATCH,0.853,Battrochtek Library v2,Balkan 7/8,REBUILD_DISTINCT_ARCHETYPE,NEEDS_MUSICOLOGICAL_VALIDATION
CAN-200,Balkans / Eastern Europe,Aksak & regional,Balkan 9/8,B,NAMED_MATCH,0.853,Battrochtek Library v2,Balkan 9/8,REBUILD_DISTINCT_ARCHETYPE,NEEDS_MUSICOLOGICAL_VALIDATION
CAN-201,Balkans / Eastern Europe,Aksak & regional,Balkan 11/8,B,RELATED_CANDIDATE,0.710,Battrochtek Library v2,Balkan 7/8,REBUILD_DISTINCT_ARCHETYPE,NEEDS_MUSICOLOGICAL_VALIDATION
CAN-202,Balkans / Eastern Europe,Aksak & regional,Čoček / 9/8 Dance,B,MISSING_OR_WEAK,0.412,Battrochtek Library v2,9/8 Foundation,MOVE_FOUNDATIONS_REBUILD,NEEDS_MUSICOLOGICAL_VALIDATION
CAN-203,South Asia,Indian & Punjabi adaptations,Bhangra / Dhol Drum-Set,B,RELATED_CANDIDATE,0.586,Battrochtek Library v2,Fanga Drum-Set,REBUILD_DISTINCT_ARCHETYPE,NEEDS_MUSICOLOGICAL_VALIDATION
CAN-204,South Asia,Indian & Punjabi adaptations,Teentaal 16-beat Drum-Set Adaptation,B,MISSING_OR_WEAK,0.414,Battrochtek Library v2,Mbalax Drum-Set,REBUILD_DISTINCT_ARCHETYPE,NEEDS_MUSICOLOGICAL_VALIDATION
CAN-205,South Asia,Indian & Punjabi adaptations,Keherwa / 8-beat Drum-Set Adaptation,B,MISSING_OR_WEAK,0.412,Battrochtek Library v2,Sega Drum-Set,REBUILD_DISTINCT_ARCHETYPE,NEEDS_MUSICOLOGICAL_VALIDATION
CAN-206,South Asia,Indian & Punjabi adaptations,Dadra / 6-beat Drum-Set Adaptation,B,MISSING_OR_WEAK,0.412,Battrochtek Library v2,Mbalax Drum-Set,REBUILD_DISTINCT_ARCHETYPE,NEEDS_MUSICOLOGICAL_VALIDATION
CAN-207,Global / Hybrid,Contemporary hybrids,Afro-Cuban Funk,C,RELATED_CANDIDATE,0.572,Drum Machine Patterns,Afro Cuban1Break,SOURCE_POOL_MACHINE_VERIFY_PROVENANCE,NEEDS_MUSICOLOGICAL_VALIDATION
CAN-208,Global / Hybrid,Contemporary hybrids,Brazilian Funk,C,NAMED_MATCH,0.795,Battrochtek Library v2,Brazilian Funk,REBUILD_DISTINCT_ARCHETYPE,NEEDS_MUSICOLOGICAL_VALIDATION
CAN-209,Global / Hybrid,Contemporary hybrids,Latin Rock,C,MISSING_OR_WEAK,0.439,Battrochtek Library v2,Country Rock,REBUILD_DISTINCT_ARCHETYPE,NEEDS_MUSICOLOGICAL_VALIDATION
CAN-210,Global / Hybrid,Contemporary hybrids,Reggae Rock,C,RELATED_CANDIDATE,0.530,Drum Machine Patterns,Reggae1Break,SOURCE_POOL_MACHINE_VERIFY_PROVENANCE,NEEDS_MUSICOLOGICAL_VALIDATION
CAN-211,Global / Hybrid,Contemporary hybrids,Jazz-Rock Fusion,C,MISSING_OR_WEAK,0.473,Groove MIDI Dataset,112 jazz fusion 96 beat 4 4,SOURCE_POOL_HUMAN_PERFORMANCE,NEEDS_MUSICOLOGICAL_VALIDATION
CAN-212,Global / Hybrid,Contemporary hybrids,Afrobeat-Funk,C,RELATED_CANDIDATE,0.587,Battrochtek Library v2,Afrobeat,REBUILD_DISTINCT_ARCHETYPE,NEEDS_MUSICOLOGICAL_VALIDATION
CAN-213,Global / Hybrid,Contemporary hybrids,World 6/8 Fusion,C,MISSING_OR_WEAK,0.421,Battrochtek Library v2,7/8 Foundation,MOVE_FOUNDATIONS_REBUILD,NEEDS_MUSICOLOGICAL_VALIDATION
CAN-214,Latin America,Cuba,Guajira Drum-Set Adaptation,B,PDF_PEDAGOGICAL_ADDITION,0.780,Professional PDF method pack,Guajira,ADD_REVIEWED_PEDAGOGICAL_ADAPTATION,DOCUMENTARY_REVIEWED_ADAPTATION
CAN-215,Latin America,Cuba,Pilón Drum-Set Adaptation,B,PDF_PEDAGOGICAL_ADDITION,0.720,Professional PDF method pack,Pilón,ADD_REVIEWED_PEDAGOGICAL_ADAPTATION,DOCUMENTARY_REVIEWED_ADAPTATION
CAN-216,Latin America,Cuba,Cáscara Coordination Exercise,B,PDF_PEDAGOGICAL_ADDITION,0.820,Professional PDF method pack,Cáscara,ADD_REVIEWED_PEDAGOGICAL_EXERCISE,DOCUMENTARY_REVIEWED_ADAPTATION
CAN-217,Latin America,Cuba,Mambo Bell Coordination Exercise,B,PDF_PEDAGOGICAL_ADDITION,0.820,Professional PDF method pack,Mambo Bell,ADD_REVIEWED_PEDAGOGICAL_EXERCISE,DOCUMENTARY_REVIEWED_ADAPTATION
