"canonicalId","family","tradition","archetype","strongSourceCount","anySourceCount","sourcePages"
"CAN-001","Foundations / Concepts","Core time feels","Straight 8ths","1","1","PDF-9e761b1fd58e:16|40"
"CAN-002","Foundations / Concepts","Core time feels","Straight 16ths","0","0",""
"CAN-003","Foundations / Concepts","Core time feels","8th-note Shuffle","0","0",""
"CAN-004","Foundations / Concepts","Core time feels","16th-note Shuffle","0","0",""
"CAN-005","Foundations / Concepts","Core time feels","Half-Time","8","12","PDF-5d0aaaee12c0:25|35; PDF-92d5ddbcbf60:31|42; PDF-73cfc4ffc14c:15; PDF-d9d0cc68c73f:14; PDF-2fdfcd6bd899:28|39; PDF-6b862dc919a1:1; PDF-3187600027fe:3|8|11|27; PDF-bb2244d5c087:9|11; PDF-46c92cd8a043:91; PDF-3ecc64b85be9:3; PDF-e9fb2404ba25:116|139|140; PDF-595703bb31c1:27|36"
"CAN-006","Foundations / Concepts","Core time feels","Double-Time","5","5","PDF-5d0aaaee12c0:35; PDF-92d5ddbcbf60:31|42|43; PDF-2fdfcd6bd899:28|39|40; PDF-bb2244d5c087:8|9|10|11; PDF-9e761b1fd58e:15"
"CAN-007","Foundations / Concepts","Core time feels","Four-on-the-Floor","2","3","PDF-3187600027fe:18|20; PDF-3ecc64b85be9:2; PDF-9e761b1fd58e:34"
"CAN-008","Foundations / Concepts","Core time feels","Linear Groove","5","6","PDF-6b862dc919a1:3|84|85; PDF-200e835c284b:4; PDF-4e08590ad53a:5|20|22|41; PDF-585c2cd39514:1|2|3|4|5|6|7|8|9|10|11|12|13|14|15|16|18|20|22|24|26|28|30|32; PDF-6b84daa9ee9c:1|2|3|4|5|6|7|8|9|10|11|12|13|14|15|16|17|19|21|23|25|27|29|31; PDF-39ddc4b77dca:10|11"
"CAN-009","Foundations / Concepts","Core time feels","Ghost-Note Pocket","12","18","PDF-5d0aaaee12c0:27; PDF-92d5ddbcbf60:7|33; PDF-73cfc4ffc14c:24; PDF-d9d0cc68c73f:23; PDF-13c8925b6731:2; PDF-2fdfcd6bd899:6|30; PDF-81437d754683:1; PDF-6b862dc919a1:3|81|82|83; PDF-3187600027fe:4|5|6|8|9|11|14|16|19|20|23; PDF-3d5df133b728:8; PDF-5b17d3b0173f:7|9; PDF-4e08590ad53a:12; PDF-585c2cd39514:5|6|7|8|9|10|11|13|15|16|17|18|19|20|21|22|23|24|25|26|27|28|29|31; PDF-6b84daa9ee9c:5|6|7|8|9|10|11|12|14|15|16|17|18|19|20|21|22|23|24|25|26|27|28|30; PDF-46c92cd8a043:7|36|74|91|92|96|98|99|100|108; PDF-e9fb2404ba25:47|48|58|101|102|104|106|107|123|132|139|149|196; PDF-4f2f3846064c:5|58|61; PDF-595703bb31c1:35"
"CAN-010","Foundations / Concepts","Core time feels","Displaced Backbeat","0","0",""
"CAN-011","Foundations / Concepts","Core time feels","12/8 Ballad","1","1","PDF-3187600027fe:10"
"CAN-012","Foundations / Concepts","Core time feels","6/8 Compound Groove","0","0",""
"CAN-013","Foundations / Concepts","Core time feels","3/4 Groove","0","1","PDF-46c92cd8a043:86"
"CAN-014","Foundations / Concepts","Core time feels","5/4 Foundation","0","0",""
"CAN-015","Foundations / Concepts","Core time feels","7/8 Foundation","0","0",""
"CAN-016","Foundations / Concepts","Core time feels","9/8 Foundation","0","0",""
"CAN-017","Rock / Pop","Foundational rock","Early Rock & Roll / Lindy Beat","0","0",""
"CAN-018","Rock / Pop","Foundational rock","Classic Rock 8ths","0","0",""
"CAN-019","Rock / Pop","Foundational rock","Classic Rock 16ths","0","0",""
"CAN-020","Rock / Pop","Foundational rock","Rock Shuffle","3","3","PDF-92d5ddbcbf60:31; PDF-2fdfcd6bd899:28; PDF-3187600027fe:3|8"
"CAN-021","Rock / Pop","Foundational rock","Half-Time Rock","3","3","PDF-92d5ddbcbf60:42; PDF-2fdfcd6bd899:39; PDF-3187600027fe:3|8|11"
"CAN-022","Rock / Pop","Foundational rock","Hard Rock","1","5","PDF-6b862dc919a1:3|94; PDF-3187600027fe:11; PDF-46c92cd8a043:16|103; PDF-3ecc64b85be9:3; PDF-4f2f3846064c:62"
"CAN-023","Rock / Pop","Foundational rock","Arena Rock","0","0",""
"CAN-024","Rock / Pop","Foundational rock","Power Ballad","0","0",""
"CAN-025","Rock / Pop","Foundational rock","Pop Rock","0","2","PDF-595703bb31c1:14|36; PDF-9f544947c841:26"
"CAN-026","Rock / Pop","Foundational rock","Indie Rock","0","0",""
"CAN-027","Rock / Pop","Foundational rock","Alternative / Grunge","0","0",""
"CAN-028","Rock / Pop","Foundational rock","Punk Rock","1","2","PDF-3187600027fe:11; PDF-46c92cd8a043:70"
"CAN-029","Rock / Pop","Foundational rock","Pop-Punk","0","1","PDF-46c92cd8a043:49"
"CAN-030","Rock / Pop","Foundational rock","Post-Punk / New Wave","0","0",""
"CAN-031","Rock / Pop","Foundational rock","Surf Rock","0","1","PDF-46c92cd8a043:62"
"CAN-032","Rock / Pop","Foundational rock","Glam Rock","0","1","PDF-46c92cd8a043:53"
"CAN-033","Rock / Pop","Foundational rock","Progressive Rock","1","3","PDF-3187600027fe:11; PDF-46c92cd8a043:61|78|90|99|101; PDF-595703bb31c1:32|39"
"CAN-034","Rock / Pop","Foundational rock","Odd-Meter Rock","0","1","PDF-595703bb31c1:36"
"CAN-035","Rock / Pop","Foundational rock","Metal Straight-8","0","0",""
"CAN-036","Rock / Pop","Foundational rock","Metal Half-Time","0","0",""
"CAN-037","Rock / Pop","Foundational rock","Thrash Metal","0","0",""
"CAN-038","Rock / Pop","Foundational rock","Double-Kick Metal","0","0",""
"CAN-039","Rock / Pop","Foundational rock","Metalcore Half-Time","0","0",""
"CAN-040","Rock / Pop","Foundational rock","Stoner / Heavy Shuffle","0","0",""
"CAN-041","Funk / Soul / R&B","African-American groove","James Brown Funk","0","0",""
"CAN-042","Funk / Soul / R&B","African-American groove","New Orleans Funk / Second Line","7","9","PDF-5d0aaaee12c0:23; PDF-92d5ddbcbf60:26|27|29; PDF-2fdfcd6bd899:25|26; PDF-3187600027fe:3|13|14|15|16; PDF-46c92cd8a043:75; PDF-9e761b1fd58e:4|16|17; PDF-4ef0272514a0:1|2|3|5|6|7|9|10|12|13|14|15|16|17; PDF-595703bb31c1:35|36; PDF-3eb3fd314955:4"
"CAN-043","Funk / Soul / R&B","African-American groove","Meters-style New Orleans Funk","5","9","PDF-92d5ddbcbf60:64; PDF-2fdfcd6bd899:60; PDF-3187600027fe:3|15|16; PDF-5b17d3b0173f:2; PDF-4e08590ad53a:7; PDF-46c92cd8a043:75; PDF-4ef0272514a0:5|6|8|10|16; PDF-595703bb31c1:7|16|28|29|30|36|37|45; PDF-9f544947c841:21"
"CAN-044","Funk / Soul / R&B","African-American groove","P-Funk","3","6","PDF-73cfc4ffc14c:54; PDF-d9d0cc68c73f:53; PDF-5b17d3b0173f:10; PDF-9e761b1fd58e:16; PDF-595703bb31c1:36|41; PDF-9f544947c841:26"
"CAN-045","Funk / Soul / R&B","African-American groove","Motown","2","5","PDF-6b862dc919a1:3|96; PDF-46c92cd8a043:38|67; PDF-4ef0272514a0:16; PDF-595703bb31c1:30; PDF-3eb3fd314955:8"
"CAN-046","Funk / Soul / R&B","African-American groove","Stax / Southern Soul","0","0",""
"CAN-047","Funk / Soul / R&B","African-American groove","Philly Soul","0","0",""
"CAN-048","Funk / Soul / R&B","African-American groove","Boogaloo Funk","0","0",""
"CAN-049","Funk / Soul / R&B","African-American groove","Go-Go","0","1","PDF-4f2f3846064c:62"
"CAN-050","Funk / Soul / R&B","African-American groove","Gospel Pocket","0","0",""
"CAN-051","Funk / Soul / R&B","African-American groove","Gospel Shout","0","0",""
"CAN-052","Funk / Soul / R&B","African-American groove","Neo-Soul","0","0",""
"CAN-053","Funk / Soul / R&B","African-American groove","Modern R&B","1","1","PDF-4ef0272514a0:13|15"
"CAN-054","Funk / Soul / R&B","African-American groove","Linear Funk","0","1","PDF-e3da748daa43:1"
"CAN-055","Funk / Soul / R&B","African-American groove","Ghost-Note Funk","0","0",""
"CAN-056","Funk / Soul / R&B","African-American groove","Disco-Funk / Chic","0","0",""
"CAN-057","Blues / Shuffle","Blues","Chicago Shuffle","1","1","PDF-3187600027fe:3|7"
"CAN-058","Blues / Shuffle","Blues","Texas Shuffle","2","2","PDF-3187600027fe:7; PDF-4e08590ad53a:45"
"CAN-059","Blues / Shuffle","Blues","Slow 12/8 Blues","0","0",""
"CAN-060","Blues / Shuffle","Blues","Straight Blues","0","0",""
"CAN-061","Blues / Shuffle","Blues","Jump Blues","0","0",""
"CAN-062","Blues / Shuffle","Blues","Train Shuffle","0","0",""
"CAN-063","Blues / Shuffle","Blues","Half-Time Shuffle","2","3","PDF-6b862dc919a1:1; PDF-3187600027fe:3|8; PDF-e9fb2404ba25:116|139|140"
"CAN-064","Blues / Shuffle","Blues","Blues Rock Shuffle","0","0",""
"CAN-065","Jazz","Swing & modern","Medium Swing","1","1","PDF-9e761b1fd58e:38"
"CAN-066","Jazz","Swing & modern","Up-Tempo / Bebop Swing","0","0",""
"CAN-067","Jazz","Swing & modern","Two-Feel Swing","0","0",""
"CAN-068","Jazz","Swing & modern","Jazz Ballad","0","0",""
"CAN-069","Jazz","Swing & modern","Brush Ballad","0","0",""
"CAN-070","Jazz","Swing & modern","Brush Swing","0","0",""
"CAN-071","Jazz","Swing & modern","Jazz Waltz 3/4","4","7","PDF-5d0aaaee12c0:25; PDF-92d5ddbcbf60:31; PDF-2fdfcd6bd899:28; PDF-2bb56376b3d0:1; PDF-b03d0e54a31f:1; PDF-9e761b1fd58e:4|19|20; PDF-595703bb31c1:34"
"CAN-072","Jazz","Swing & modern","Jazz Shuffle","0","0",""
"CAN-073","Jazz","Swing & modern","Big Band Swing","0","0",""
"CAN-074","Jazz","Swing & modern","Bebop Comping","0","0",""
"CAN-075","Jazz","Swing & modern","Straight-8 / ECM","0","0",""
"CAN-076","Jazz","Swing & modern","Jazz-Funk","4","6","PDF-92d5ddbcbf60:6|69; PDF-2fdfcd6bd899:5; PDF-3187600027fe:4; PDF-4e08590ad53a:18; PDF-46c92cd8a043:40; PDF-9f544947c841:21"
"CAN-077","Jazz","Swing & modern","Fusion","10","15","PDF-73cfc4ffc14c:5|9|13|15|29|43|54|64; PDF-d9d0cc68c73f:4|8|12|14|28|42|53|63; PDF-81437d754683:1; PDF-3187600027fe:4; PDF-3d5df133b728:81; PDF-5b17d3b0173f:8; PDF-4e08590ad53a:6|46|51; PDF-46c92cd8a043:21|40|84|86|89|101|108; PDF-39ddc4b77dca:9|10|11; PDF-e9fb2404ba25:101|102|103|111; PDF-49294994b537:5; PDF-9e761b1fd58e:50; PDF-4ef0272514a0:16; PDF-595703bb31c1:35|36; PDF-9f544947c841:20|21"
"CAN-078","Jazz","Swing & modern","Afro-Cuban Jazz 6/8","5","5","PDF-92d5ddbcbf60:5|31|64|69; PDF-73cfc4ffc14c:4|10|11|12|13|14|15|17|18|19; PDF-d9d0cc68c73f:3|4|9|10|11|12|13|14|16|17|18; PDF-2fdfcd6bd899:4|28|39|60; PDF-3eb3fd314955:4|9"
"CAN-079","Country / Americana","Country","Train Beat","0","0",""
"CAN-080","Country / Americana","Country","Country Two-Step","0","0",""
"CAN-081","Country / Americana","Country","Country Shuffle","0","0",""
"CAN-082","Country / Americana","Country","Country Waltz","1","1","PDF-3187600027fe:3|9"
"CAN-083","Country / Americana","Country","Western Swing","0","0",""
"CAN-084","Country / Americana","Country","Country Pop / Nashville Straight 8ths","0","0",""
"CAN-085","Country / Americana","Country","Country Rock","1","1","PDF-3187600027fe:3|10"
"CAN-086","Country / Americana","Country","Country 6/8 Ballad","0","0",""
"CAN-087","Country / Americana","Country","Modern Bluegrass Drum-Set","0","0",""
"CAN-088","Country / Americana","Country","Rockabilly Shuffle","0","0",""
"CAN-089","Hip-Hop","Hip-Hop","Old-School Breakbeat","0","0",""
"CAN-090","Hip-Hop","Hip-Hop","Boom Bap","0","0",""
"CAN-091","Hip-Hop","Hip-Hop","West Coast / G-Funk","0","0",""
"CAN-092","Hip-Hop","Hip-Hop","Dilla / Drunk Pocket","0","0",""
"CAN-093","Hip-Hop","Hip-Hop","Lo-Fi Hip-Hop","0","0",""
"CAN-094","Hip-Hop","Hip-Hop","Trap Half-Time","0","0",""
"CAN-095","Hip-Hop","Hip-Hop","Trap Double-Time Hats","0","0",""
"CAN-096","Hip-Hop","Hip-Hop","Drill","1","1","PDF-9e761b1fd58e:54"
"CAN-097","Hip-Hop","Hip-Hop","Jersey Club","0","0",""
"CAN-098","Hip-Hop","Hip-Hop","Sample-Break Pocket","0","0",""
"CAN-099","Jamaica","Jamaican lineage","Mento Drum-Set Adaptation","0","0",""
"CAN-100","Jamaica","Jamaican lineage","Ska","0","0",""
"CAN-101","Jamaica","Jamaican lineage","Rocksteady","0","0",""
"CAN-102","Jamaica","Jamaican lineage","Reggae One Drop","1","1","PDF-3187600027fe:3"
"CAN-103","Jamaica","Jamaican lineage","Reggae Rockers","0","0",""
"CAN-104","Jamaica","Jamaican lineage","Reggae Steppers","0","0",""
"CAN-105","Jamaica","Jamaican lineage","Dub","0","0",""
"CAN-106","Jamaica","Jamaican lineage","Nyabinghi Drum-Set","0","0",""
"CAN-107","Jamaica","Jamaican lineage","Early Dancehall","0","0",""
"CAN-108","Jamaica","Jamaican lineage","Digital Dancehall / Ragga","0","0",""
"CAN-109","Jamaica","Jamaican lineage","Modern Dancehall","0","0",""
"CAN-110","Electronic / Dance","Club music","Disco","15","23","PDF-5d0aaaee12c0:57|58|60; PDF-92d5ddbcbf60:5|6|43|64|65|66; PDF-73cfc4ffc14c:4|5|42|65|66; PDF-d9d0cc68c73f:3|4|41|64|65; PDF-2fdfcd6bd899:4|5|40|60|61|62; PDF-6b862dc919a1:3|96; PDF-3d5df133b728:4|5|9; PDF-5b17d3b0173f:10; PDF-f97e3e83bf02:35|87; PDF-f40b6fc1f4f1:67; PDF-30b03bbca266:26|46|60|66; PDF-474a33d9bfb9:3|17|18|21|34|36|43; PDF-8f225657efb9:3|9|10|17; PDF-fbbdc4070c40:14; PDF-4e08590ad53a:5|22|47; PDF-46c92cd8a043:18; PDF-e9fb2404ba25:81|132; PDF-343bd7b5fc90:25; PDF-0fb73c919618:42; PDF-9e761b1fd58e:7|32; PDF-595703bb31c1:4|5|9|24|37; PDF-9f544947c841:1|15|26; PDF-e584c291e034:6"
"CAN-111","Electronic / Dance","Club music","Classic House","0","0",""
"CAN-112","Electronic / Dance","Club music","Deep House","0","0",""
"CAN-113","Electronic / Dance","Club music","Funky House","0","0",""
"CAN-114","Electronic / Dance","Club music","Techno","2","3","PDF-46c92cd8a043:80; PDF-9e761b1fd58e:33; PDF-4ef0272514a0:11"
"CAN-115","Electronic / Dance","Club music","Detroit Electro","0","0",""
"CAN-116","Electronic / Dance","Club music","Electro-Funk","0","0",""
"CAN-117","Electronic / Dance","Club music","UK Garage / 2-Step","0","0",""
"CAN-118","Electronic / Dance","Club music","Breakbeat / Big Beat","0","0",""
"CAN-119","Electronic / Dance","Club music","Jungle","5","7","PDF-5d0aaaee12c0:58; PDF-92d5ddbcbf60:66; PDF-2fdfcd6bd899:61|62; PDF-e9fb2404ba25:101|103|106; PDF-595703bb31c1:32; PDF-9f544947c841:21; PDF-e584c291e034:7"
"CAN-120","Electronic / Dance","Club music","Drum & Bass","9","13","PDF-92d5ddbcbf60:5; PDF-2fdfcd6bd899:4; PDF-3d5df133b728:6|65|72; PDF-30b03bbca266:4|45|91; PDF-7064fe3e54b3:77; PDF-2792e4f7409a:3; PDF-474a33d9bfb9:4; PDF-8f225657efb9:4; PDF-a6fb626f326f:3; PDF-46c92cd8a043:6; PDF-0fb73c919618:4; PDF-9e761b1fd58e:15|16|41|43; PDF-595703bb31c1:18|20|25"
"CAN-121","Electronic / Dance","Club music","Trip-Hop","0","0",""
"CAN-122","Electronic / Dance","Club music","Trance","5","5","PDF-73cfc4ffc14c:64; PDF-d9d0cc68c73f:63; PDF-f97e3e83bf02:13; PDF-39ddc4b77dca:6; PDF-9e761b1fd58e:48"
"CAN-123","Electronic / Dance","Club music","Dubstep Half-Time","0","0",""
"CAN-124","Electronic / Dance","Club music","Footwork / Juke","0","0",""
"CAN-125","Electronic / Dance","Club music","Synthwave","0","0",""
"CAN-126","Electronic / Dance","Club music","Amapiano","0","0",""
"CAN-127","Electronic / Dance","Club music","Afro House","0","0",""
"CAN-128","Latin America","Cuba","Son","0","0",""
"CAN-129","Latin America","Cuba","Son Montuno","2","4","PDF-92d5ddbcbf60:9; PDF-6e48001c173e:9|16|17|18; PDF-13c8925b6731:16|17; PDF-2fdfcd6bd899:8"
"CAN-130","Latin America","Cuba","Mambo","7","12","PDF-5d0aaaee12c0:6|8|34|38; PDF-92d5ddbcbf60:4|5|7|8|9|10|12|41|45; PDF-6e48001c173e:2|3|11|26|27|46; PDF-73cfc4ffc14c:4|7|8|28|30|31|32|33|34|35|52|58|61|63|64; PDF-d9d0cc68c73f:3|6|7|27|29|30|31|32|33|34|51|57|60|62|63; PDF-13c8925b6731:11|14; PDF-2fdfcd6bd899:4|6|7|8|9|11|38|41; PDF-6b862dc919a1:3|92; PDF-3187600027fe:3|6|15|26; PDF-2bb56376b3d0:1; PDF-595703bb31c1:24; PDF-3eb3fd314955:3|4|9"
"CAN-131","Latin America","Cuba","Cha-Cha-Cha","5","6","PDF-6e48001c173e:28|29; PDF-73cfc4ffc14c:7|8|35|60; PDF-d9d0cc68c73f:6|7|34|59; PDF-3187600027fe:3|25; PDF-f97e3e83bf02:8|52; PDF-3eb3fd314955:2|4|9"
"CAN-132","Latin America","Cuba","Bolero Cubano","0","0",""
"CAN-133","Latin America","Cuba","Songo","9","16","PDF-5d0aaaee12c0:12|13|14|15|16|17|31|34|42; PDF-92d5ddbcbf60:4|5|6|17|18|19|20|21|22|36|41|49|51|64|69; PDF-6e48001c173e:3|41|42|43|44; PDF-73cfc4ffc14c:4|5|9|29|52|53|54|56|59|64; PDF-d9d0cc68c73f:3|4|8|28|51|52|53|55|58|63; PDF-13c8925b6731:17|18|19; PDF-2fdfcd6bd899:4|5|16|17|18|19|20|21|33|38|45|47|60; PDF-81437d754683:1; PDF-6b862dc919a1:3|96; PDF-3187600027fe:3|26|29; PDF-a5bdd4a6ddc2:2; PDF-e9fb2404ba25:109|112|113; PDF-0fb73c919618:26|27; PDF-430d67e308d3:1; PDF-595703bb31c1:16|37|38; PDF-3eb3fd314955:2|4|9"
"CAN-134","Latin America","Cuba","Timba","11","16","PDF-5d0aaaee12c0:3|4|5|6|7|8|12|33; PDF-92d5ddbcbf60:7|8|10|11|12|17|35|36|38|41|64; PDF-6e48001c173e:7|28|41; PDF-73cfc4ffc14c:4|5|7|8|25|26|28|29|30|31|32|34|35|36|49|52|60|62|64; PDF-d9d0cc68c73f:3|4|6|7|24|25|27|28|29|30|31|33|34|35|48|51|59|61|63; PDF-13c8925b6731:20; PDF-2fdfcd6bd899:6|7|9|10|11|16|32|33|35|38|60; PDF-81437d754683:1|2|3; PDF-3187600027fe:6|19|25; PDF-f97e3e83bf02:17|31|91|92; PDF-39ddc4b77dca:12; PDF-430d67e308d3:2; PDF-595703bb31c1:22|23|24|38; PDF-9f544947c841:4; PDF-e584c291e034:7; PDF-3eb3fd314955:2|9"
"CAN-135","Latin America","Cuba","Mozambique","8","11","PDF-5d0aaaee12c0:29|32|33|36|54; PDF-92d5ddbcbf60:4|5|6|35|36|37|38|43|61|64|69; PDF-73cfc4ffc14c:4|5|6|29|49|50|51|52|58|61|64; PDF-d9d0cc68c73f:3|4|5|28|48|49|50|51|57|60|63; PDF-13c8925b6731:12|13|14; PDF-2fdfcd6bd899:4|5|32|33|34|35|40|57|60; PDF-81437d754683:1; PDF-3187600027fe:3|27|30; PDF-46c92cd8a043:95; PDF-595703bb31c1:37; PDF-3eb3fd314955:2|9"
"CAN-136","Latin America","Cuba","Guaguancó Drum-Set","0","0",""
"CAN-137","Latin America","Cuba","Afro-Cuban 6/8 / Bembé","0","0",""
"CAN-138","Latin America","Cuba","Salsa 2-3","0","0",""
"CAN-139","Latin America","Cuba","Salsa 3-2","0","0",""
"CAN-140","Latin America","Brazil","Bossa Nova","8","14","PDF-6e48001c173e:5|71; PDF-3187600027fe:3|21|24; PDF-3d5df133b728:4|5|6|7|8|9|10|62|65|67|68|69|70|71|72|76|77|78|80; PDF-5b17d3b0173f:3|5|6; PDF-f97e3e83bf02:6|9|11|18|29|76|77|82|84|85|89|90|91|92|93; PDF-30b03bbca266:94; PDF-7064fe3e54b3:82; PDF-09d278110e3e:85|86|91; PDF-a5bdd4a6ddc2:2; PDF-2bb56376b3d0:1; PDF-343bd7b5fc90:4; PDF-9e761b1fd58e:63; PDF-595703bb31c1:23|34|37; PDF-3eb3fd314955:2|3|6"
"CAN-141","Latin America","Brazil","Samba Batucada","6","7","PDF-3187600027fe:3|22; PDF-5b17d3b0173f:6; PDF-36bf5e94d8ea:4; PDF-f97e3e83bf02:46|87; PDF-7064fe3e54b3:82; PDF-2792e4f7409a:81; PDF-a6fb626f326f:81"
"CAN-142","Latin America","Brazil","Samba Partido Alto","4","4","PDF-3187600027fe:3|21|23; PDF-3d5df133b728:4|5|6|7|62|63|64; PDF-f97e3e83bf02:9|47|50|77|81|90|91|92; PDF-3eb3fd314955:6"
"CAN-143","Latin America","Brazil","Samba-Reggae","2","2","PDF-f97e3e83bf02:31|90|91; PDF-3eb3fd314955:6"
"CAN-144","Latin America","Brazil","Baião","4","6","PDF-3187600027fe:3|21|23; PDF-3d5df133b728:4|5|6|7|8|10|14; PDF-5b17d3b0173f:2|8; PDF-f97e3e83bf02:6|8|11|63|65|69|70|71|72|81|89|90|91|93; PDF-595703bb31c1:37; PDF-3eb3fd314955:6"
"CAN-145","Latin America","Brazil","Maracatu","3","5","PDF-5b17d3b0173f:2|9|10; PDF-bb2244d5c087:6|7|9|11; PDF-f97e3e83bf02:17|30|69|85|90|91|93; PDF-595703bb31c1:37; PDF-3eb3fd314955:6"
"CAN-146","Latin America","Brazil","Frevo","1","3","PDF-5b17d3b0173f:9|10; PDF-595703bb31c1:37; PDF-3eb3fd314955:6"
"CAN-147","Latin America","Brazil","Ijexá / Afoxê","2","4","PDF-5b17d3b0173f:3|9|10; PDF-f97e3e83bf02:5|7|8|11|17|21|28|34|35|51|52|53|54|55|56|57|58|59|60|61|62|82|87|91; PDF-595703bb31c1:23; PDF-3eb3fd314955:6"
"CAN-148","Latin America","Brazil","Samba-Funk","0","0",""
"CAN-149","Latin America","Brazil","Samba-Jazz","0","0",""
"CAN-150","Latin America","Brazil","Choro / Maxixe Drum-Set Adaptation","0","0",""
"CAN-151","Latin America","Colombia & Venezuela","Traditional Colombian Cumbia","0","0",""
"CAN-152","Latin America","Colombia & Venezuela","Porro / Porro Chocoano","0","0",""
"CAN-153","Latin America","Colombia & Venezuela","Chandé","1","1","PDF-f40b6fc1f4f1:3"
"CAN-154","Latin America","Colombia & Venezuela","Currulao Drum-Set Adaptation","0","0",""
"CAN-155","Latin America","Colombia & Venezuela","Joropo","1","1","PDF-3187600027fe:3|29"
"CAN-156","Latin America","Colombia & Venezuela","Merengue Venezolano","0","0",""
"CAN-157","Latin America","Peru / Argentina / Uruguay","Festejo","0","0",""
"CAN-158","Latin America","Peru / Argentina / Uruguay","Landó","2","3","PDF-6e48001c173e:31; PDF-73cfc4ffc14c:63; PDF-d9d0cc68c73f:62"
"CAN-159","Latin America","Peru / Argentina / Uruguay","Chacarera","0","0",""
"CAN-160","Latin America","Peru / Argentina / Uruguay","Zamba Argentina","0","0",""
"CAN-161","Latin America","Peru / Argentina / Uruguay","Candombe Uruguayo","0","0",""
"CAN-162","Latin America","Peru / Argentina / Uruguay","Tango","4","7","PDF-73cfc4ffc14c:7|61; PDF-d9d0cc68c73f:6|60; PDF-f97e3e83bf02:89; PDF-09d278110e3e:77|78; PDF-a5bdd4a6ddc2:2; PDF-595703bb31c1:19; PDF-e584c291e034:6"
"CAN-163","Latin America","Peru / Argentina / Uruguay","Milonga","0","0",""
"CAN-164","Caribbean","Dominican Republic / Puerto Rico","Merengue","3","5","PDF-6e48001c173e:2|3|5|10|30|31|32|33|35|37|71; PDF-73cfc4ffc14c:4|5|8|55|56|60|61|62|64|65; PDF-d9d0cc68c73f:3|4|7|54|55|59|60|61|63|64; PDF-3187600027fe:3|28; PDF-595703bb31c1:24"
"CAN-165","Caribbean","Dominican Republic / Puerto Rico","Bachata","0","0",""
"CAN-166","Caribbean","Dominican Republic / Puerto Rico","Bomba Drum-Set","0","0",""
"CAN-167","Caribbean","Dominican Republic / Puerto Rico","Plena Drum-Set","0","0",""
"CAN-168","Caribbean","Trinidad & Lesser Antilles","Calypso","7","9","PDF-92d5ddbcbf60:21; PDF-73cfc4ffc14c:5|6|29; PDF-d9d0cc68c73f:4|5|28; PDF-2fdfcd6bd899:20; PDF-6b862dc919a1:3|93; PDF-3187600027fe:3|19|20; PDF-39ddc4b77dca:12; PDF-595703bb31c1:21|24|35; PDF-e584c291e034:2"
"CAN-169","Caribbean","Trinidad & Lesser Antilles","Soca","1","2","PDF-3187600027fe:3|19|20; PDF-3ecc64b85be9:5"
"CAN-170","Caribbean","Trinidad & Lesser Antilles","Kompa","0","0",""
"CAN-171","Caribbean","Trinidad & Lesser Antilles","Zouk","0","0",""
"CAN-172","Caribbean","Trinidad & Lesser Antilles","Biguine / Beguine","0","0",""
"CAN-173","Africa","West Africa","Afrobeat","0","0",""
"CAN-174","Africa","West Africa","Highlife","0","1","PDF-9f544947c841:21"
"CAN-175","Africa","West Africa","Kpanlogo Drum-Set","0","0",""
"CAN-176","Africa","West Africa","Ewe 12/8 / Agbekor Adaptation","0","0",""
"CAN-177","Africa","West Africa","Fanga Drum-Set Adaptation","0","0",""
"CAN-178","Africa","West Africa","Mbalax","0","0",""
"CAN-179","Africa","West Africa","Jùjú / Yoruba-derived Drum-Set","4","4","PDF-73cfc4ffc14c:7|10|57|60|61|62|65; PDF-d9d0cc68c73f:6|9|56|59|60|61|64; PDF-f97e3e83bf02:12|51|72|89; PDF-3eb3fd314955:2"
"CAN-180","Africa","Central Africa","Soukous","0","0",""
"CAN-181","Africa","Central Africa","Makossa","0","1","PDF-595703bb31c1:37"
"CAN-182","Africa","Central Africa","Bikutsi","0","1","PDF-595703bb31c1:37"
"CAN-183","Africa","Central Africa","Mangambe","1","2","PDF-e9fb2404ba25:109|110; PDF-595703bb31c1:37"
"CAN-184","Africa","Southern Africa","Mbaqanga","0","0",""
"CAN-185","Africa","Southern Africa","South African House","0","0",""
"CAN-186","Africa","Southern Africa","Amapiano","0","0",""
"CAN-187","Africa","Indian Ocean","Sega","0","0",""
"CAN-188","Africa","Indian Ocean","Maloya","0","0",""
"CAN-189","North Africa / Middle East","North Africa","Gnawa Drum-Set","0","0",""
"CAN-190","North Africa / Middle East","North Africa","Maghreb Chaabi","0","0",""
"CAN-191","North Africa / Middle East","North Africa","Raï","0","0",""
"CAN-192","North Africa / Middle East","Arabic rhythmic cycles","Maqsum","0","0",""
"CAN-193","North Africa / Middle East","Arabic rhythmic cycles","Saidi","0","0",""
"CAN-194","North Africa / Middle East","Arabic rhythmic cycles","Malfuf","0","0",""
"CAN-195","North Africa / Middle East","Arabic rhythmic cycles","Ayoub","0","0",""
"CAN-196","North Africa / Middle East","Arabic rhythmic cycles","Baladi / Masmoudi Saghir","0","0",""
"CAN-197","North Africa / Middle East","Arabic rhythmic cycles","Masmoudi Kabir","0","0",""
"CAN-198","North Africa / Middle East","Arabic rhythmic cycles","Chiftetelli","0","0",""
"CAN-199","Balkans / Eastern Europe","Aksak & regional","Balkan 7/8","0","0",""
"CAN-200","Balkans / Eastern Europe","Aksak & regional","Balkan 9/8","0","0",""
"CAN-201","Balkans / Eastern Europe","Aksak & regional","Balkan 11/8","0","0",""
"CAN-202","Balkans / Eastern Europe","Aksak & regional","Čoček / 9/8 Dance","0","0",""
"CAN-203","South Asia","Indian & Punjabi adaptations","Bhangra / Dhol Drum-Set","0","0",""
"CAN-204","South Asia","Indian & Punjabi adaptations","Teentaal 16-beat Drum-Set Adaptation","0","0",""
"CAN-205","South Asia","Indian & Punjabi adaptations","Keherwa / 8-beat Drum-Set Adaptation","0","0",""
"CAN-206","South Asia","Indian & Punjabi adaptations","Dadra / 6-beat Drum-Set Adaptation","0","0",""
"CAN-207","Global / Hybrid","Contemporary hybrids","Afro-Cuban Funk","1","1","PDF-2fdfcd6bd899:1"
"CAN-208","Global / Hybrid","Contemporary hybrids","Brazilian Funk","0","0",""
"CAN-209","Global / Hybrid","Contemporary hybrids","Latin Rock","0","0",""
"CAN-210","Global / Hybrid","Contemporary hybrids","Reggae Rock","1","1","PDF-39ddc4b77dca:12"
"CAN-211","Global / Hybrid","Contemporary hybrids","Jazz-Rock Fusion","0","0",""
"CAN-212","Global / Hybrid","Contemporary hybrids","Afrobeat-Funk","0","0",""
"CAN-213","Global / Hybrid","Contemporary hybrids","World 6/8 Fusion","0","0",""
"CAN-214","Latin America","Cuba","Guajira Drum-Set Adaptation","4","6","PDF-92d5ddbcbf60:8|9|36; PDF-6e48001c173e:14|15; PDF-73cfc4ffc14c:61; PDF-d9d0cc68c73f:60; PDF-13c8925b6731:10; PDF-2fdfcd6bd899:7|8|33"
"CAN-215","Latin America","Cuba","Pilón Drum-Set Adaptation","1","2","PDF-13c8925b6731:15; PDF-3187600027fe:3|29"
"CAN-216","Latin America","Cuba","Cáscara Coordination Exercise","8","11","PDF-5d0aaaee12c0:6|10|34; PDF-92d5ddbcbf60:10|14|41; PDF-73cfc4ffc14c:4|5|24|25|26|27|28|29|30|31|32|34|35|52|58|60; PDF-d9d0cc68c73f:3|4|23|24|25|26|27|28|29|30|31|33|34|51|57|59; PDF-13c8925b6731:7; PDF-2fdfcd6bd899:9|13|38; PDF-3187600027fe:6|25; PDF-46c92cd8a043:82; PDF-2bb56376b3d0:1; PDF-e9fb2404ba25:198; PDF-3eb3fd314955:2|9"
"CAN-217","Latin America","Cuba","Mambo Bell Coordination Exercise","5","6","PDF-92d5ddbcbf60:7|10; PDF-73cfc4ffc14c:4|30|31|32|33|34|35|52|58; PDF-d9d0cc68c73f:3|29|30|31|32|33|34|51|57; PDF-2fdfcd6bd899:6|9; PDF-2bb56376b3d0:1; PDF-3eb3fd314955:9"
