relativePath,folder,filename,sha256,pages,title,author,creator,producer,creationDate,encrypted,pageSize,sampleTextCharacters,textLayer,error
"AFRO-CUBAN 🇨🇺/Afro-Cuban Grooves for Bass & Drums — Alternate Scan.pdf","AFRO-CUBAN 🇨🇺","Afro-Cuban Grooves for Bass & Drums — Alternate Scan.pdf","5d0aaaee12c0474fd94fdda203f40441db5a9f834731b0c4cc4596d62301cb43","59","","","","pypdf","","no","751.92 x 1033.92 pts","0","weak-or-scanned",""
"AFRO-CUBAN 🇨🇺/Afro-Cuban Grooves for Bass & Drums — Alternate.pdf","AFRO-CUBAN 🇨🇺","Afro-Cuban Grooves for Bass & Drums — Alternate.pdf","92d5ddbcbf6004ea76d06acb8cf5abac6fd500db1ef4f18d26b692f77249de7e","68","","","","pypdf","","no","751.92 x 1032.96 pts","0","weak-or-scanned",""
"AFRO-CUBAN 🇨🇺/Afro-Cuban Grooves.pdf","AFRO-CUBAN 🇨🇺","Afro-Cuban Grooves.pdf","6e48001c173ec7515eefd9a7f04e49f3ea63d2f98a0d7d153d3d1ee4c94be2e1","73","","","","pypdf","","no","751.92 x 1033.92 pts","0","weak-or-scanned",""
"AFRO-CUBAN 🇨🇺/Afro-Cuban Rhythms for Drumset — Alternate Edition.pdf","AFRO-CUBAN 🇨🇺","Afro-Cuban Rhythms for Drumset — Alternate Edition.pdf","73cfc4ffc14cf0fcafe1a765984e0a6bc0e09290699e16e7967d711265e482af","65","","","","pypdf","","no","751.92 x 972 pts","0","weak-or-scanned",""
"AFRO-CUBAN 🇨🇺/Afro-Cuban Rhythms for Drumset — Frank Malabe & Bob Weiner.pdf","AFRO-CUBAN 🇨🇺","Afro-Cuban Rhythms for Drumset — Frank Malabe & Bob Weiner.pdf","d9d0cc68c73fc93d58e71c2581f6bc600f71b26faf97567ac21a9a01447da694","64","","","","pypdf","","no","751.92 x 1047.12 pts","0","weak-or-scanned",""
"AFRO-CUBAN 🇨🇺/DrumGenius — Afro-Cuban Groove Transcriptions.pdf","AFRO-CUBAN 🇨🇺","DrumGenius — Afro-Cuban Groove Transcriptions.pdf","13c8925b6731475e894e5526ee44a0bd3f3ab1422f59d0285c3b0a340d69b94c","20","","","","pypdf","","no","751.92 x 1062.96 pts","2867","present",""
"AFRO-CUBAN 🇨🇺/Funkifying the Clave — Afro-Cuban Grooves.pdf","AFRO-CUBAN 🇨🇺","Funkifying the Clave — Afro-Cuban Grooves.pdf","2fdfcd6bd8992b277670b799ee2aa4542dd26905d1b55936e1f2658e0d725aed","62","","","","pypdf","","no","751.92 x 1030.08 pts","0","weak-or-scanned",""
"AFRO-CUBAN 🇨🇺/Timba-Go — Afro-Latin Hybrid Drum Grooves.pdf","AFRO-CUBAN 🇨🇺","Timba-Go — Afro-Latin Hybrid Drum Grooves.pdf","81437d754683c17dc101e1da859d34e36770cfb25596237ac11a4b8b452cacc4","4","","","","pypdf","","no","751.92 x 1025.04 pts","4386","present",""
"BLUES - SHUFFLE/Basic Course Drummer Notes — Chicago Blues - Shuffle - Half-Time Shuffle.pdf","BLUES - SHUFFLE","Basic Course Drummer Notes — Chicago Blues - Shuffle - Half-Time Shuffle.pdf","6b862dc919a16e310d3b9c8f696e839bac064604a0143470550f9a61dfca7b04","96","","","","pypdf","","no","751.92 x 1061.04 pts","0","weak-or-scanned",""
"BLUES - SHUFFLE/Bass & Drum Grooves — Blues.pdf","BLUES - SHUFFLE","Bass & Drum Grooves — Blues.pdf","915091f5c74dc241c406d570562650ecbba302ddb32a975eac133c16b03fb832","4","","","","pypdf","","no","751.92 x 1061.04 pts","1539","present",""
"BLUES - SHUFFLE/Drum Book — Blues - Swamp - New Orleans.pdf","BLUES - SHUFFLE","Drum Book — Blues - Swamp - New Orleans.pdf","3187600027fe3e853aacafd7634af8ed745b23c1bba149361174a339016d3b69","30","","","","pypdf","","no","751.92 x 972 pts","0","weak-or-scanned",""
"BRAZIL 🇧🇷/Brazilian Coordination for Drumset — Maria Martinez.pdf","BRAZIL 🇧🇷","Brazilian Coordination for Drumset — Maria Martinez.pdf","3d5df133b728c7c89042ed8509452da593b6e7a4f868d9a428e6393da2d49213","80","","","","pypdf","","no","751.92 x 1061.04 pts","0","weak-or-scanned",""
"BRAZIL 🇧🇷/Brazilian Drumming Rhythms.pdf","BRAZIL 🇧🇷","Brazilian Drumming Rhythms.pdf","5b17d3b0173f6869e6394ee4ffe66818c7c9c9a77db781ed9c7466a33e483e84","10","","","","pypdf","","no","751.92 x 1050.96 pts","15082","present",""
"BRAZIL 🇧🇷/Brazilian Rhythms for Drumset — Duduka Da Fonseca - Bob Weiner.pdf","BRAZIL 🇧🇷","Brazilian Rhythms for Drumset — Duduka Da Fonseca - Bob Weiner.pdf","36bf5e94d8ea9d419154bad4266d5ab1178cbb92f02d1389da297bf322499009","6","","","","pypdf","","no","751.92 x 1002 pts","1150","present",""
"BRAZIL 🇧🇷/Brazilian Rhythms for Drumset — Vera Figueiredo - Daniel Oliveira.pdf","BRAZIL 🇧🇷","Brazilian Rhythms for Drumset — Vera Figueiredo - Daniel Oliveira.pdf","bb2244d5c08713dcde0bcdc2a487a30fab6434b6f9c02bac18c7afc792d33f5b","11","","","","pypdf","","no","751.92 x 1002 pts","0","weak-or-scanned",""
"BRAZIL 🇧🇷/Candomblé Rhythm for Drumset.pdf","BRAZIL 🇧🇷","Candomblé Rhythm for Drumset.pdf","f97e3e83bf0298e9b27f3700e2c8135351c85518309e8982964a23578eaa7849","115","","","","pypdf","","no","751.92 x 1061.04 pts","48642","present",""
"BRAZIL 🇧🇷/The Brazilian Groove Book — Kiko Freitas.pdf","BRAZIL 🇧🇷","The Brazilian Groove Book — Kiko Freitas.pdf","99f49a7f9a152d958b8127f645c84d9b292dc0259b2d40930b971a70cf97192e","6","","","","pypdf","","no","751.92 x 1002 pts","10207","present",""
"DANTE AGOSTINI/Dante Agostini - Solfège Rhythmique Cahier No 1.pdf","DANTE AGOSTINI","Dante Agostini - Solfège Rhythmique Cahier No 1.pdf","f40b6fc1f4f1a702c96b2001fa6d84927c5a9385435f1e81bf8e280c83706576","68","Dante Agostini","To Ko","Windows NT 4.0","Acrobat Distiller 5.0 (Windows)","Mon Sep 17 12:13:51 2001 CEST","no","483.36 x 716.4 pts","0","weak-or-scanned",""
"DANTE AGOSTINI/Methode de Batterie Dante Agostini Vol. 1-2.pdf","DANTE AGOSTINI","Methode de Batterie Dante Agostini Vol. 1-2.pdf","30b03bbca26687eda4cd2c2eefcdca3ebd66568f41ea5e198061db587f8925e3","116","","","pdfsam-console (Ver. 2.3.0e)","iText 2.1.7 by 1T3XT","Wed Jan 19 22:21:12 2011 CET","no","612 x 842 pts","0","weak-or-scanned",""
"DANTE AGOSTINI/Methode de Batterie Dante Agostini Vol. 2.pdf","DANTE AGOSTINI","Methode de Batterie Dante Agostini Vol. 2.pdf","7064fe3e54b373cb3cb3670765ea89961abd044f225a9187d679087f5e2e7cf6","110","","","Adobe Acrobat 7.05","Adobe Acrobat 7.05 Image Conversion Plug-in","Wed Aug  2 00:45:54 2006 CEST","no","612 x 787.2 pts","0","weak-or-scanned",""
"DANTE AGOSTINI/Méthode de Batterie - Vol.2.pdf","DANTE AGOSTINI","Méthode de Batterie - Vol.2.pdf","2792e4f7409a37fbe87e997d29059e4fe21704727dc22d88e87187bf72f69dd9","110","","","PDF Presentation Adobe Photoshop CS","Adobe Photoshop for Windows -- Image Conversion Plug-in","Fri Dec 16 00:57:17 2005 CET","no","595 x 841 pts (A4)","0","weak-or-scanned",""
"DANTE AGOSTINI/Préparation aux Déchiffrages - Vol.1{.pdf","DANTE AGOSTINI","Préparation aux Déchiffrages - Vol.1{.pdf","474a33d9bfb9fb5e9e934841e07846e12a56b30cec3e5d83616810afe9e8ae28","50","","","Adobe Acrobat 6.0","Adobe Acrobat 6.0 Image Conversion Plug-in","Thu Apr 28 14:25:58 2005 CEST","no","514.44 x 685.08 pts","0","weak-or-scanned",""
"DANTE AGOSTINI/Préparation aux Déchiffrages - Vol.2.pdf","DANTE AGOSTINI","Préparation aux Déchiffrages - Vol.2.pdf","8f225657efb91b9de012cff478e440ceefcdf5d0545cf19b677079f089b33bc5","17","","","pdftk 2.02 - www.pdftk.com","GPL Ghostscript 9.07","Fri Jan  3 08:52:40 2020 CET","no","778 x 1007 pts","0","weak-or-scanned",""
"DANTE AGOSTINI/Préparation aux Déchiffrages - Vol.3.pdf","DANTE AGOSTINI","Préparation aux Déchiffrages - Vol.3.pdf","fbbdc4070c40c641da0a236cb2cf506f0181299391d70ca31421d1fa416aca30","41","","","Adobe Acrobat 6.0","Adobe Acrobat 6.0 Image Conversion Plug-in","Wed May 23 09:33:46 2007 CEST","no","703.44 x 894.24 pts","0","weak-or-scanned",""
"DANTE AGOSTINI/dante agostini 2.pdf","DANTE AGOSTINI","dante agostini 2.pdf","a6fb626f326f798d724bb44e0296abc3f3052b9671a86d160f4cd97ae3f3cf9b","110","","","PDF Presentation Adobe Photoshop CS","Adobe Photoshop for Windows -- Image Conversion Plug-in","Fri Dec 16 00:57:17 2005 CET","no","595 x 841 pts (A4)","0","weak-or-scanned",""
"FUNK - SOUL - R&B - LINEAR/Bass & Drum Grooves — Funk - R&B - Disco - Dance.pdf","FUNK - SOUL - R&B - LINEAR","Bass & Drum Grooves — Funk - R&B - Disco - Dance.pdf","915091f5c74dc241c406d570562650ecbba302ddb32a975eac133c16b03fb832","4","","","","pypdf","","no","751.92 x 1061.04 pts","1539","present",""
"FUNK - SOUL - R&B - LINEAR/Funk Drumming 101 — 2-Bar Grooves.pdf","FUNK - SOUL - R&B - LINEAR","Funk Drumming 101 — 2-Bar Grooves.pdf","e3da748daa43f2bab4c1cfb8f21f1bdafff9a3062a606fc171315899a260e52c","1","","","","pypdf","","no","751.92 x 1062.96 pts","176","weak-or-scanned",""
"FUNK - SOUL - R&B - LINEAR/Linear Patterns Made Easy.pdf","FUNK - SOUL - R&B - LINEAR","Linear Patterns Made Easy.pdf","68a92eedb76b7655ebf6b97233ce2a01640395b243b53fad35ce832d4ea70913","2","","","","pypdf","","no","751.92 x 972 pts","1927","present",""
"FUNK - SOUL - R&B - LINEAR/Method for Developing Musical Linear Drum Fills.pdf","FUNK - SOUL - R&B - LINEAR","Method for Developing Musical Linear Drum Fills.pdf","200e835c284bf6cdf19e1489bae5c5fb1ab3fb6bc9ca109f57b85dfb810bfe95","6","","","","pypdf","","no","751.92 x 1002 pts","14427","present",""
"FUNK - SOUL - R&B - LINEAR/Mike Clark — Funk Drumming.pdf","FUNK - SOUL - R&B - LINEAR","Mike Clark — Funk Drumming.pdf","4e08590ad53aca2dc0462a3f67c42643e88da3705c530b9927d50757a5cb5baf","51","","","","pypdf","","no","751.92 x 1061.04 pts","0","weak-or-scanned",""
"FUNK - SOUL - R&B - LINEAR/Mike Johnston — Linear Drumming (alternate).pdf","FUNK - SOUL - R&B - LINEAR","Mike Johnston — Linear Drumming (alternate).pdf","585c2cd39514e14a90d8267c722595a3ff540134d7920d06ceb951c61b0a5850","84","","","","pypdf","","no","751.92 x 1062.96 pts","0","weak-or-scanned",""
"FUNK - SOUL - R&B - LINEAR/Mike Johnston — Linear Drumming.pdf","FUNK - SOUL - R&B - LINEAR","Mike Johnston — Linear Drumming.pdf","6b84daa9ee9c68623c6e353e5cc33ff79c19673329412ded748ca85bf02f614d","83","","","","pypdf","","no","751.92 x 1061.04 pts","0","weak-or-scanned",""
"GENERAL - HUGE GROOVE COLLECTIONS/100 Grooves Every Drummer Needs to Know.pdf","GENERAL - HUGE GROOVE COLLECTIONS","100 Grooves Every Drummer Needs to Know.pdf","46c92cd8a043885caf59b098297edfe0fd241fd9e125fe6127ba3ea84fa3825b","112","","","","pypdf","","no","751.92 x 972 pts","21479","present",""
"GENERAL - HUGE GROOVE COLLECTIONS/1000 Drum Grooves — Steve Mansfield.pdf","GENERAL - HUGE GROOVE COLLECTIONS","1000 Drum Grooves — Steve Mansfield.pdf","09d278110e3e75866c57f8187ae59d2419355eb67a77a7c1df5258d024301838","99","","","","pypdf","","no","751.92 x 972 pts","719","present",""
"GENERAL - HUGE GROOVE COLLECTIONS/1001 Drum Grooves — Steve Mansfield.pdf","GENERAL - HUGE GROOVE COLLECTIONS","1001 Drum Grooves — Steve Mansfield.pdf","98aaa0b031292effd3296e24c648eeff4513fec6d6a4a0f9574fe831552bd0c9","106","","","","pypdf","","no","751.92 x 1063.92 pts","2798","present",""
"GENERAL - HUGE GROOVE COLLECTIONS/20 Essential Drum Grooves.pdf","GENERAL - HUGE GROOVE COLLECTIONS","20 Essential Drum Grooves.pdf","3ecc64b85be96eba4a53233a4b12738e3ed214461a348c4df85e2ce3796c9247","5","","","","pypdf","","no","751.92 x 1062.96 pts","1694","present",""
"GENERAL - HUGE GROOVE COLLECTIONS/Advanced Drum Grooves.pdf","GENERAL - HUGE GROOVE COLLECTIONS","Advanced Drum Grooves.pdf","d5326b0e4a4243a290737969dbc6336d6957298484305adaa2fc5129d7bd46aa","1","","","","pypdf","","no","751.92 x 1061.04 pts","892","present",""
"GENERAL - HUGE GROOVE COLLECTIONS/Basic Course Drummer Notes — 96 pages.pdf","GENERAL - HUGE GROOVE COLLECTIONS","Basic Course Drummer Notes — 96 pages.pdf","6b862dc919a16e310d3b9c8f696e839bac064604a0143470550f9a61dfca7b04","96","","","","pypdf","","no","751.92 x 1061.04 pts","0","weak-or-scanned",""
"GENERAL - HUGE GROOVE COLLECTIONS/Bass & Drum Grooves — Multi-Style.pdf","GENERAL - HUGE GROOVE COLLECTIONS","Bass & Drum Grooves — Multi-Style.pdf","915091f5c74dc241c406d570562650ecbba302ddb32a975eac133c16b03fb832","4","","","","pypdf","","no","751.92 x 1061.04 pts","1539","present",""
"GENERAL - HUGE GROOVE COLLECTIONS/Drum Book — Multi-Style Groove Collection.pdf","GENERAL - HUGE GROOVE COLLECTIONS","Drum Book — Multi-Style Groove Collection.pdf","3187600027fe3e853aacafd7634af8ed745b23c1bba149361174a339016d3b69","30","","","","pypdf","","no","751.92 x 972 pts","0","weak-or-scanned",""
"GENERAL - HUGE GROOVE COLLECTIONS/Drum Patterns for Musicians.pdf","GENERAL - HUGE GROOVE COLLECTIONS","Drum Patterns for Musicians.pdf","a5bdd4a6ddc2e3d26653db4afcc0d7847f903281662b58a3c76c8712857a0765","2","","","","pypdf","","no","751.92 x 971.04 pts","511","present",""
"GENERAL - HUGE GROOVE COLLECTIONS/Drumset FUNdamentals.pdf","GENERAL - HUGE GROOVE COLLECTIONS","Drumset FUNdamentals.pdf","39ddc4b77dcaeb4025853d52c635a0a1205d5eca191c9868fc9e011af59267cf","12","","","","pypdf","","no","751.92 x 972 pts","17008","present",""
"GENERAL - HUGE GROOVE COLLECTIONS/Essential Drum Grooves — 16 Rhythms.pdf","GENERAL - HUGE GROOVE COLLECTIONS","Essential Drum Grooves — 16 Rhythms.pdf","2bb56376b3d0a8730acb6d0c649190e7ba3e3c1baf5ca9d69b207444ab63530c","1","","","","pypdf","","no","751.92 x 972 pts","344","present",""
"GENERAL - HUGE GROOVE COLLECTIONS/Franck Agulhon — Drumbook.pdf","GENERAL - HUGE GROOVE COLLECTIONS","Franck Agulhon — Drumbook.pdf","e9fb2404ba2532d0fef20dbfe9d4d99f4c7a2b386d936789c6609ca998e0c35f","245","","","","pypdf","","no","751.92 x 1060.08 pts","0","weak-or-scanned",""
"GENERAL - HUGE GROOVE COLLECTIONS/Free Drum Book — Richard Hemmings.pdf","GENERAL - HUGE GROOVE COLLECTIONS","Free Drum Book — Richard Hemmings.pdf","49294994b537e9e4ed36dbfd9c87e5d15f6bff21cbaf9039e10551bbdd11550c","35","","","","pypdf","","no","751.92 x 1061.04 pts","13941","present",""
"GENERAL - HUGE GROOVE COLLECTIONS/Grooves List.pdf","GENERAL - HUGE GROOVE COLLECTIONS","Grooves List.pdf","642c8a4158d567e33677cfbeeadc946aa436f8f3bca2afec42a103916f1eef46","5","","","","pypdf","","no","751.92 x 1061.04 pts","2935","present",""
"GENERAL - HUGE GROOVE COLLECTIONS/Progressive 1,000,000 Drum Grooves — Craig Lauritsen.pdf","GENERAL - HUGE GROOVE COLLECTIONS","Progressive 1,000,000 Drum Grooves — Craig Lauritsen.pdf","4f2f3846064c45c20193463d12fe1587a3602a66f7567d431205a39add9945b4","64","","","","pypdf","","no","751.92 x 1049.04 pts","0","weak-or-scanned",""
"HIP-HOP - MODERN GROOVES/Basic Course Drummer Notes — Hip-Hop - Motown - Disco - Soul.pdf","HIP-HOP - MODERN GROOVES","Basic Course Drummer Notes — Hip-Hop - Motown - Disco - Soul.pdf","6b862dc919a16e310d3b9c8f696e839bac064604a0143470550f9a61dfca7b04","96","","","","pypdf","","no","751.92 x 1061.04 pts","0","weak-or-scanned",""
"HIP-HOP - MODERN GROOVES/Drum Book — Hip-Hop Groove Section.pdf","HIP-HOP - MODERN GROOVES","Drum Book — Hip-Hop Groove Section.pdf","3187600027fe3e853aacafd7634af8ed745b23c1bba149361174a339016d3b69","30","","","","pypdf","","no","751.92 x 972 pts","0","weak-or-scanned",""
"HIP-HOP - MODERN GROOVES/Progressive Drum Grooves — Rap - Funk.pdf","HIP-HOP - MODERN GROOVES","Progressive Drum Grooves — Rap - Funk.pdf","4f2f3846064c45c20193463d12fe1587a3602a66f7567d431205a39add9945b4","64","","","","pypdf","","no","751.92 x 1049.04 pts","0","weak-or-scanned",""
"JAZZ - SWING/Billy Hart — Jazz Drumming.pdf","JAZZ - SWING","Billy Hart — Jazz Drumming.pdf","343bd7b5fc908f6ec074ea2536efafef2bf15ba3626de54c7ba58c700d39a278","25","","","","pypdf","","no","751.92 x 1062.96 pts","0","weak-or-scanned",""
"JAZZ - SWING/Drummer Essentials — Jazz Drumming.pdf","JAZZ - SWING","Drummer Essentials — Jazz Drumming.pdf","0fb73c9196189b7855f3326f02c14e8f9cd0db9fe72fbc6c0b401ed9bbf6385f","49","","","","pypdf","","no","751.92 x 972 pts","19694","present",""
"JAZZ - SWING/Jazz Comping in 3 - 4.pdf","JAZZ - SWING","Jazz Comping in 3 - 4.pdf","b03d0e54a31f4afc05435633a87a49b38065ba29c0e12b4153b670f3a9ff393c","1","","","","pypdf","","no","751.92 x 1061.04 pts","598","present",""
"JAZZ - SWING/Jazz Drum Patterns — 32 Patterns.pdf","JAZZ - SWING","Jazz Drum Patterns — 32 Patterns.pdf","a68afaab43cc9f136ead1bff38d7f0526da8a4445e3e2df93e79ca145bde52a7","3","","","","pypdf","","no","751.92 x 1062.96 pts","720","present",""
"JAZZ - SWING/Jazz Drumming Phrases 1–30.pdf","JAZZ - SWING","Jazz Drumming Phrases 1–30.pdf","6ce98a5f5591f975b10d33a87fb64915cca3bff2500e8b417b1caa327c8c013f","3","","","","pypdf","","no","751.92 x 1062.96 pts","4569","present",""
"JAZZ - SWING/John Riley — Jazz Drummer's Workshop.pdf","JAZZ - SWING","John Riley — Jazz Drummer's Workshop.pdf","9e761b1fd58e72b2d2d1ff56e99464ff577864822efdbb1070ea9dd5cda7fc89","66","","","","pypdf","","no","751.92 x 1032.96 pts","0","weak-or-scanned",""
"LATIN - SALSA - CARIBBEAN 🌴/Afro-Cuban Grooves — Guajira - Son Montuno - Guaguancó - Mambo - Salsa.pdf","LATIN - SALSA - CARIBBEAN 🌴","Afro-Cuban Grooves — Guajira - Son Montuno - Guaguancó - Mambo - Salsa.pdf","6e48001c173ec7515eefd9a7f04e49f3ea63d2f98a0d7d153d3d1ee4c94be2e1","73","","","","pypdf","","no","751.92 x 1033.92 pts","0","weak-or-scanned",""
"LATIN - SALSA - CARIBBEAN 🌴/Afro-Cuban Rhythms — Bembé - Cascara - Songo - Mozambique.pdf","LATIN - SALSA - CARIBBEAN 🌴","Afro-Cuban Rhythms — Bembé - Cascara - Songo - Mozambique.pdf","d9d0cc68c73fc93d58e71c2581f6bc600f71b26faf97567ac21a9a01447da694","64","","","","pypdf","","no","751.92 x 1047.12 pts","0","weak-or-scanned",""
"LATIN - SALSA - CARIBBEAN 🌴/Afro-Cuban Songs & Rhythms Guide.pdf","LATIN - SALSA - CARIBBEAN 🌴","Afro-Cuban Songs & Rhythms Guide.pdf","430d67e308d3ef28448b3fcbddba8c9a8bb5bb5737f938719052124a1438efd9","3","","","","pypdf","","no","751.92 x 972 pts","2562","present",""
"LATIN - SALSA - CARIBBEAN 🌴/Timba-Go — Cuban Timba - Rockason - Cuban Hip-Hop.pdf","LATIN - SALSA - CARIBBEAN 🌴","Timba-Go — Cuban Timba - Rockason - Cuban Hip-Hop.pdf","81437d754683c17dc101e1da859d34e36770cfb25596237ac11a4b8b452cacc4","4","","","","pypdf","","no","751.92 x 1025.04 pts","4386","present",""
"NEW ORLEANS - SECOND LINE ⚜️/100 Years of New Orleans Drumming.pdf","NEW ORLEANS - SECOND LINE ⚜️","100 Years of New Orleans Drumming.pdf","4ef0272514a02e9a9bbe69465fcb35fb9dafa5e4ee087e9c096343f7f1719bbd","16","","","","pypdf","","no","751.92 x 1056 pts","0","weak-or-scanned",""
"NEW ORLEANS - SECOND LINE ⚜️/Drum Book — New Orleans - Second Line - Swamp - Funk.pdf","NEW ORLEANS - SECOND LINE ⚜️","Drum Book — New Orleans - Second Line - Swamp - Funk.pdf","3187600027fe3e853aacafd7634af8ed745b23c1bba149361174a339016d3b69","30","","","","pypdf","","no","751.92 x 972 pts","0","weak-or-scanned",""
"NEW ORLEANS - SECOND LINE ⚜️/John Riley — The Jazz Drummer's Workshop.pdf","NEW ORLEANS - SECOND LINE ⚜️","John Riley — The Jazz Drummer's Workshop.pdf","9e761b1fd58e72b2d2d1ff56e99464ff577864822efdbb1070ea9dd5cda7fc89","66","","","","pypdf","","no","751.92 x 1032.96 pts","0","weak-or-scanned",""
"REFERENCE - SOURCES FOR FINDING EVEN MORE BOOKS/Afro-Cuban Drumming Resources — 17 Book Bibliography.pdf","REFERENCE - SOURCES FOR FINDING EVEN MORE BOOKS","Afro-Cuban Drumming Resources — 17 Book Bibliography.pdf","5d8d9032aea1d5b338a992a1336c1857a220474f5a747c163d459b7a50d55946","2","","","","pypdf","","no","751.92 x 972 pts","1970","present",""
"REFERENCE - SOURCES FOR FINDING EVEN MORE BOOKS/Drums & Percussion — Large Method Catalogue.pdf","REFERENCE - SOURCES FOR FINDING EVEN MORE BOOKS","Drums & Percussion — Large Method Catalogue.pdf","595703bb31c19039683b634ee32e9147f2b05c10f62ad657286ccef4e35b5460","48","","","","pypdf","","no","751.92 x 985.92 pts","101890","present",""
"REFERENCE - SOURCES FOR FINDING EVEN MORE BOOKS/Drumset FUNdamentals — Large Recommended Book List.pdf","REFERENCE - SOURCES FOR FINDING EVEN MORE BOOKS","Drumset FUNdamentals — Large Recommended Book List.pdf","39ddc4b77dcaeb4025853d52c635a0a1205d5eca191c9868fc9e011af59267cf","12","","","","pypdf","","no","751.92 x 972 pts","17008","present",""
"REFERENCE - SOURCES FOR FINDING EVEN MORE BOOKS/Drumset Student Book List — Jazz - Funk - Soul - Latin - African.pdf","REFERENCE - SOURCES FOR FINDING EVEN MORE BOOKS","Drumset Student Book List — Jazz - Funk - Soul - Latin - African.pdf","9f544947c841f00f8e5a361c1c3165dca11d515229436e0c3cd70a2a94ccfe90","32","","","","pypdf","","no","751.92 x 972 pts","27515","present",""
"REFERENCE - SOURCES FOR FINDING EVEN MORE BOOKS/Percussion Repertoire Guide — Drumset - World Percussion.pdf","REFERENCE - SOURCES FOR FINDING EVEN MORE BOOKS","Percussion Repertoire Guide — Drumset - World Percussion.pdf","e584c291e03427f9b19363222c40d394afb7933250f923b6bf3f0f236806aa6c","13","","","","pypdf","","no","751.92 x 1062.96 pts","16509","present",""
"REFERENCE - SOURCES FOR FINDING EVEN MORE BOOKS/UNT Jazz Drumset Curriculum — Brazilian - Jazz - Latin Sources.pdf","REFERENCE - SOURCES FOR FINDING EVEN MORE BOOKS","UNT Jazz Drumset Curriculum — Brazilian - Jazz - Latin Sources.pdf","3eb3fd3149551647c577957bd0382fdb3ba8e522f582726ba567c5f607c83a08","9","","","","pypdf","","no","751.92 x 972 pts","26691","present",""
"REGGAE - SKA - CARIBBEAN 🇯🇲/Bass & Drum Grooves — Reggae.pdf","REGGAE - SKA - CARIBBEAN 🇯🇲","Bass & Drum Grooves — Reggae.pdf","915091f5c74dc241c406d570562650ecbba302ddb32a975eac133c16b03fb832","4","","","","pypdf","","no","751.92 x 1061.04 pts","1539","present",""
"REGGAE - SKA - CARIBBEAN 🇯🇲/Drum Book — Reggae One Drop - Ska - Calypso - Soca.pdf","REGGAE - SKA - CARIBBEAN 🇯🇲","Drum Book — Reggae One Drop - Ska - Calypso - Soca.pdf","3187600027fe3e853aacafd7634af8ed745b23c1bba149361174a339016d3b69","30","","","","pypdf","","no","751.92 x 972 pts","0","weak-or-scanned",""
"REGGAE - SKA - CARIBBEAN 🇯🇲/Progressive Drum Grooves — Rock - Funk - Rap - Reggae.pdf","REGGAE - SKA - CARIBBEAN 🇯🇲","Progressive Drum Grooves — Rock - Funk - Rap - Reggae.pdf","4f2f3846064c45c20193463d12fe1587a3602a66f7567d431205a39add9945b4","64","","","","pypdf","","no","751.92 x 1049.04 pts","0","weak-or-scanned",""
"WEST AFRICAN - AFRICAN 🌍/Franck Agulhon Drumbook — Afro - Gnawa - Mangambeu - Bembé.pdf","WEST AFRICAN - AFRICAN 🌍","Franck Agulhon Drumbook — Afro - Gnawa - Mangambeu - Bembé.pdf","e9fb2404ba2532d0fef20dbfe9d4d99f4c7a2b386d936789c6609ca998e0c35f","245","","","","pypdf","","no","751.92 x 1060.08 pts","0","weak-or-scanned",""
"WEST AFRICAN - AFRICAN 🌍/West African Rhythms — Hartigan.pdf","WEST AFRICAN - AFRICAN 🌍","West African Rhythms — Hartigan.pdf","b1eff749959303d1c3b44ced4f88c5b6ed26b4b6b849c65f0b0b79a7b3d9921c","7","","","","pypdf","","no","751.92 x 1002 pts","495","present",""